Workbook
Name ___________GOR40: #REF!
Name ___________GOR50: #REF!
Name ___________GOR60: #REF!
Name ___________GOR80: #REF!
Name __________GOR40: #REF!
Name __________GOR50: #REF!
Name __________GOR60: #REF!
Name __________GOR80: #REF!
Name _________GOR40: #REF!
Name _________GOR50: #REF!
Name _________GOR60: #REF!
Name _________GOR80: #REF!
Name ________GOR40: #REF!
Name ________GOR50: #REF!
Name ________GOR60: #REF!
Name ________GOR80: #REF!
Name _______GOR40: #REF!
Name _______GOR50: #REF!
Name _______GOR60: #REF!
Name _______GOR80: #REF!
Name ______GOR40: #REF!
Name ______GOR50: #REF!
Name ______GOR60: #REF!
Name ______GOR80: #REF!
Name _____GOR40: #REF!
Name _____GOR50: #REF!
Name _____GOR60: #REF!
Name _____GOR80: #REF!
Name ____GOR40: #REF!
Name ____GOR50: #REF!
Name ____GOR60: #REF!
Name ____GOR80: #REF!
Name ___GOR40: #REF!
Name ___GOR50: #REF!
Name ___GOR60: #REF!
Name ___GOR80: #REF!
Name __GOR40: #REF!
Name __GOR50: #REF!
Name __GOR60: #REF!
Name __GOR80: #REF!
Name _GOR40: #REF!
Name _GOR50: #REF!
Name _GOR60: #REF!
Name _GOR80: #REF!
Name Aku: #REF!
Name Aku: #REF!
Name Aku: #REF!
Name Alat_Gr_buis_ppk: '[1]Gorong-Gorong Buis'!$J$23
Name Alat_Gr_buis_ppk: '[1]Gorong-Gorong Buis'!$J$23
Name Alat_Gr_buis_ppk: '[2]Gorong-Gorong Buis'!$J$23
Name Alat_Gr_buis_swadaya: '[1]Gorong-Gorong Buis'!$M$23
Name Alat_Gr_buis_swadaya: '[1]Gorong-Gorong Buis'!$M$23
Name Alat_Gr_buis_swadaya: '[2]Gorong-Gorong Buis'!$M$23
Name Alat_Gr_plat_ppk: #REF!
Name Alat_Gr_plat_ppk: #REF!
Name Alat_Gr_plat_ppk: #REF!
Name Alat_Gr_plat_ppk: #REF!
Name Alat_Gr_plat_swadaya: #REF!
Name Alat_Gr_plat_swadaya: #REF!
Name Alat_Gr_plat_swadaya: #REF!

Sheet RKPDESA 2026
A1: RANCANGAN RENCANA KERJA PEMERINTAH DESA (RKPDESA) | X1: BIDANG I | Y1: BIDANG II | Z1: BIDANG III | AA1: BIDANG IV | AB1: BIDANG V
A2: TAHUN ANGGARAN 2026 | X2: =Q9 -> 862664323 | Y2: =Q22 -> 1148231200 | Z2: =Q35 -> 102000000 | AA2: =Q47 -> 1000000 | AB2: =Q50 -> 128000000
A3: DESA PANDANLANDUNG KECAMATAN WAGIR KABUPATEN MALANG
A6: No | B6: Bidang | F6: Jenis Kegiatan | I6: Data Eksisting Tahun Berjalan | K6: Target Capaian Tahun 2023 | M6: Lokasi | N6: Volume dan Satuan | O6: Penerima Manfaat | P6: Waktu Pelaksanaan | Q6: Biaya dan Sumber Pembiayaan | S6: Pola Pelaksanaan (swakelola/ Kerjasama Antar Desa/ Kerjasama pihak Ketiga)
Q7: Jumlah (Rp) | R7: Sumber Biaya
A8: a | B8: b | F8: d | I8: f | K8: g | M8: h | N8: i | O8: j | P8: k | Q8: l | R8: m | S8: n | W8: JUMLAH PENGELUARAN PER SUMBER DANA | Y8: SISA DARI PAGU | Z8: PAGU
A9: 1 | B9: BIDANG PENYELENGGARAAN PEMERINTAHAN DESA | Q9: =SUM(Q10:Q21) -> 862664323
A10: BIDANG I | F10: 1 | G10: Penyediaan Penghasilan Tetap dan Tunjangan Kepala Desa | I10: 1 Org belum memenuhi pagu maksimal | K10: 1 org terpenuhi pagu | M10: Desa | N10: 1 OB | O10: 1 Org | P10: 12 Bulan | Q10: 11520000 | R10: ADD | S10: Swakelola | W10: ADD | X10: =Q10+Q11+Q13+Q14+Q15+Q46+Q36+Q37+Q38+Q39+Q41+102804000+Q42+Q43+Q45 -> 745232000 | Y10: =[7]PAGU!C5-'RKPDESA 2026'!X10 -> -59740000 | Z10: 694432000
F11: 2 | G11: Penyediaan Penghasilan Tetap dan Tunjangan Perangkat Desa | I11: 13 Org belum memenuhi pagu maksimal | K11: 13 org terpenuhi pagu | M11: Desa | N11: 13 OB | O11: 13 Org | P11: 12 Bulan | Q11: 339168000 | R11: ADD | S11: Swakelola | W11: DDS | X11: =Q16+Q23+Q24+Q51+Q25+Q26+Q27+X16+Q34+Q33+Q32+Q31+Q30+Q29+Q28 -> 1358198400 | Y11: =[7]PAGU!C6-'RKPDESA 2026'!X11 -> -167239400 | Z11: 1270999000
F12: 3 | G12: Penyediaan Operasional Pemerintah Desa (ATK, Honor PKPKD dan PPKD dll) | I12: Terpenuhi kebutuhan reguler | K12: Terpenuhi kebutuhan reguler | M12: Desa | N12: 1 Paket | O12: 14 Org | P12: 12 Bulan | Q12: =102804000+X16 -> 149042430 | R12: ADD, DDS | S12: Swakelola | W12: PBH | X12: =Q17+Q21+Q20+Q40+Q44 -> 132465123 | Y12: =[7]PAGU!C7-'RKPDESA 2026'!X12 -> 7435035 | Z12: 139513087
F13: 4 | G13: Penyediaan Tunjangan BPD | I13: 9 Org Terpenuhinya kesejahteraannya | K13: 9 Org Terpenuhinya kesejahteraannya | M13: Desa | N13: 9 OB | O13: 9 Org | P13: 12 Bulan | Q13: 58800000 | R13: ADD | S13: Swakelola | W13: PAD | X13: =Q18+Q19 -> 5000000 | Y13: =[7]PAGU!C8-'RKPDESA 2026'!X13 -> 0
F14: 5 | G14: Penyediaan Operasional BPD (rapat, ATK, Makan Minum, Pakaian Seragam, Listrik dll) | I14: Terpenuhinya Operasional BPD | K14: Terpenuhinya Operasional BPD | M14: Desa | N14: 1 Paket | O14: 9 Org | P14: 12 Bulan | Q14: 4000000 | R14: ADD | S14: Swakelola
F15: 6 | G15: Penyediaan Insentif/Operasional RT/RW | I15: 38 Org Terpenuhinya insentif RT | K15: 38 Org Terpenuhinya Kesejateraan RT | M15: Desa | N15: 38 OB | O15: 38 Org | P15: 12 Bulan | Q15: 143940000 | R15: ADD | S15: Swakelola | X15: =Q12+60000000 -> 209042430 | Y15: Ops Pemdes
F16: 7 | G16: Penyediaan Operasional Pemerintah Desa yang bersumber dari Dana Desa | I16: 1 Org Terpenuhinya pagu maskimal | K16: 1 Org Terpenuhinya pagu maskimal | M16: Desa | N16: 1 Paket | O16: 1 Ls | P16: 12 Bulan | Q16: 35728770 | R16: DDS | S16: Swakelola | X16: 46238430 | Y16: DDS
F17: 8 | G17: Sarana Prasana Kantor Desa | I17: Terpenuhinya kebutuhan Sarpras Kantor Desa | K17: Terpenuhi kebutuhan reguler | M17: Desa | N17: 1 Paket | O17: 1 Paket | P17: 12 Bulan | Q17: 90465123 | R17: PBH | S17: Swakelola
F18: 10 | G18: Penyelenggaraan Musdes | I18: Terlaksananya Musdes Reguler | K18: Terlaksananya Musdes Reguler | M18: Desa | N18: 1 Unit | O18: 14 Org | P18: Juni | Q18: 2500000 | R18: PAD | S18: Swakelola
F19: 11 | G19: Penyusunan RKPDes | I19: Tersusunnya RKPDesa | K19: Tersusunnya RKPDesa | M19: Kantor Desa | N19: 1 Paket | O19: 14 Org | P19: Juni | Q19: 2500000 | R19: PAD | S19: Swakelola
F20: 12 | G20: Penyusunan Kebijakan Desa | I20: Pembuatan Perdes | K20: Tersusunnya Perdes-perdes di Desa | M20: Kantor Desa | N20: 1 Unit | O20: 14 Org | P20: 12 Bulan | Q20: 6500000 | R20: PBH | S20: Swakelola
F21: 13 | G21: Pemungutan SPPT PBB | I21: Penyampaian SPPT PBB kepada WP | K21: Tersampaikannya SPPT kepada WP | M21: Desa | N21: 1 Paket | O21: 14 Org | P21: 12 Bulan | Q21: 18500000 | R21: PBH | S21: Swakelola
A22: 2 | B22: BIDANG PELAKSANAAN PEMBANGUNAN DESA | Q22: =SUM(Q23:Q34) -> 1148231200
A23: BIDANG II | F23: 1 | G23: Insentif Guru TPQ dan PAUD | I23: Guru Paud dan TPQ mendapat bantuan honor pengajar | K23: Guru Paud dan TPQ mendapat bantuan honor pengajar | M23: Desa | N23: 24 Lembaga | O23: 1 Ls | P23: Juni | Q23: 24000000 | R23: DDS | S23: Swakelola
F24: 2 | G24: Penyelenggaraan Posyandu | I24: Terselenggaranya Posyandu di Desa | K24: Pemberian Makanan Tambahan Balita dan Lansia | M24: Desa | N24: 12 POS | O24: 12 POS | P24: 12 Bulan | Q24: =POSYANDU!J51 -> 67284000 | R24: DDS | S24: Swakelola
F25: 3 | G25: Pembangunan Drainase RT 002 RW 001 | M25: RW 001 | N25: 1 Paket | O25: 1 Paket | P25: 12 Bulan | Q25: ='APBDES 2025'!E41 -> 84804800 | R25: DDS | S25: Swakelola | X25: Tim Pengelola Kegiatan Ta 2026 | Y25: . Oni Wibowo
F26: 4 | G26: Pembangunan Jalan Hotmix RT 011 RW 002 | M26: RW 002 | N26: 1 Paket | O26: 1 Paket | P26: Agustus | Q26: ='APBDES 2025'!E42 -> 56239000 | R26: DDS | S26: Swakelola | Y26: Hendri Kustomo
F27: 5 | G27: Pembangunan Drainase RT 015 RW 003 | M27: RW 003 | N27: 1 Paket | O27: 1 Paket | P27: 12 Bulan | Q27: ='APBDES 2025'!E43 -> 52002100 | R27: DDS | S27: Swakelola | Y27: Supardi
F28: 6 | G28: Pembangunan Drainase/Gorong-Gorong RT 017 RW 004 | M28: RW 004 | N28: 1 Paket | O28: 1 Paket | P28: 12 Bulan | Q28: ='APBDES 2025'!E44 -> 34674100 | R28: DDS | S28: Swakelola
F29: 7 | G29: Pembangunan Gorong-Gorong dan Pavingisasi | M29: RW 005 | N29: 1 Paket | O29: 1 Paket | P29: 12 Bulan | Q29: ='APBDES 2025'!E45 -> 54116400 | R29: DDS | S29: Swakelola
F30: 8 | G30: Pembangunan Drainase RT 026 RW 006 | M30: RW 006 | N30: 1 Paket | O30: 1 Paket | P30: 12 Bulan | Q30: ='APBDES 2025'!E46 -> 45571100 | R30: DDS | S30: Swakelola
F31: 10 | G31: Pembangunan Jalan Rabat RT 033 RW 007 | M31: RW 007 | N31: 1 Paket | O31: 1 Paket | P31: 12 Bulan | Q31: 89040200 | R31: DDS | S31: Swakelola
F32: 11 | G32: Pelaksanaan Kegiatan PKTD | M32: RT 12 | N32: 1 Paket | O32: 1 Paket | P32: 12 Bulan | Q32: 5000000 | R32: DDS | S32: Swakelola
F33: 12 | G33: Peningkatan Perekoniman Desa (30%) | M33: KOPDES | N33: 1Ls | O33: 1Ls | P33: 12 Bulan | Q33: 381299700 | R33: DDS | S33: Swakelola
F34: 13 | G34: Ketahanan Pangan 20% | M34: Ketapang | N34: 1Ls | O34: 1Ls | P34: 12 Bulan | Q34: 254199800 | R34: DDS | S34: Swakelola
A35: 3 | B35: BIDANG PEMBINAAN KEMASYARAKATAN | Q35: =SUM(Q36:Q46) -> 102000000
A36: BIDANG III | F36: 1 | G36: Pembinaan LPMD | I36: Penataan Kelembagaan LPMD | K36: Revitalisasi Tugas dan Fungsi LPMD | M36: 1 Lembaga | N36: 1 Paket | O36: 11 Org | P36: 12 Bulan | Q36: 3000000 | R36: ADD | S36: Swakelola
F37: 2 | G37: Pembinaan KIM | I37: Penataan Kelembagaan KIM | K37: Revitalisasi Tugas dan Fungsi KIM | M37: 1 Lembaga | N37: 1 Paket | O37: semua warga | P37: 12 Bulan | Q37: 5000000 | R37: ADD | S37: Swakelola
F38: 3 | G38: Pembinaan PB PANDAN | I38: Penataan Kelembagaan Olahraga | K38: Revitalisasi Tugas dan Fungsi Lembaga Olahraga | M38: 1 Lembaga | N38: 1 Paket | O38: semua warga | P38: 12 Bulan | Q38: 5000000 | R38: ADD | S38: Swakelola
F39: 4 | G39: Pembinaan SSB PANDAWA | I39: Penataan Kelembagaan Kesenian | K39: Revitalisasi Tugas dan Fungsi Lembaga Kesenian | M39: 1 Lembaga | N39: 1 Paket | O39: semua warga | P39: 12 Bulan | Q39: 12000000 | R39: ADD | S39: Swakelola
F40: 5 | G40: Peningkatan Kapasitas Linmas | I40: Perlengkapan Linmas Masih Belum memadai | K40: Memiliki perlengkapan dasar dalam menjalankan tugas | M40: 1 Lembaga | N40: 1 Paket | O40: 32 Org | P40: 1 Kali | Q40: 10000000 | R40: PBH | S40: Swakelola
F41: 6 | G41: Pembinaan Forum Anak Desa (FAD) | I41: Pelaksanaan PPA | K41: Refocusing DRPPA | M41: 1 Lembaga | N41: 1 Paket | O41: semua warga | P41: 12 Bulan | Q41: 5000000 | R41: ADD | S41: Swakelola
F42: 7 | G42: Pembinaan Swadeshi | I42: Siaga Kesehatan | K42: Peningkatan Kapasitas Relawan | M42: 2 Lembaga | N42: 1 Paket | O42: semua warga | P42: 12 Bulan | Q42: 5000000 | R42: ADD | S42: Swakelola
F43: 8 | G43: Pembinaan Ilal Ahad | I43: Penyelenggaraan Kegiatan Keagamaan | K43: Peningkatan Ukhuwah Islamiyah | M43: 3 Lembaga | N43: 1 Paket | O43: semua warga | P43: 12 Bulan | Q43: 5000000 | R43: ADD | S43: Swakelola
F44: 9 | G44: Pembinaan Kelompok Kesenian | I44: Pelestarian Budaya | K44: Peningkatan Kualitas Penylenggaraan Kesenian dan Budaya | M44: 7 Lembaga | N44: 1 Paket | O44: semua warga | P44: 12 Bulan | Q44: 7000000 | R44: PBH | S44: Swakelola
F45: 10 | G45: Operasional RW | I45: Penyelenggaraan Kegiatan RW | K45: Penyediaan Operasional | M45: 7 RW | N45: 1 Paket | O45: semua warga | P45: 12 Bulan | Q45: 35000000 | R45: ADD | S45: Swakelola
F46: 11 | G46: Operasional PKK | I46: Pemenuhan Operasional PKK Desa | K46: Terpenuhinya Kebutuhan Operasional Rutin PKK Desa | M46: 1 Lembaga | N46: 1 Paket | O46: PKK Desa | P46: 12 Bulan | Q46: 10000000 | R46: ADD | S46: Swakelola
A47: 4 | B47: BIDANG PEMBERDAYAAN MASYARAKAT | Q47: =SUM(Q48:Q49) -> 1000000
A48: BIDANG IV | F48: 1 | G48: Pelatihan PKK Desa, dan PKK RW | I48: Terlaksananya Pemberdayaan Wanita Desa | K48: Terlaksananya Pemberdayaan Wanita Desa | M48: Desa | N48: 1 Paket | O48: PKK Desa | P48: Agustus | Q48: 0 | R48: DDS | S48: Swakelola
F49: 2 | G49: Pelatihan PKK | I49: Terlaksananya Perlindungan Anak | K49: Terlaksananya Perlindungan Anak | M49: Desa | N49: 1 Paket | O49: PKK Desa | P49: September | Q49: 1000000 | R49: DDS | S49: Swakelola
A50: 5 | B50: PENANGGULANGAN BENCANA, KEADAAN MENDESAK DAN DARURAT LAINNYA | Q50: =Q51 -> 128000000
A51: BIDANG V | F51: 1 | G51: BLT DD | I51: Terlaksananya penghapusan Kemiskinan Ekstrem | K51: Terlaksananya penghapusan Kemiskinan Ekstrem | M51: Desa | N51: KPM | O51: 40 KPM | P51: 12 Bulan | Q51: 128000000 | R51: DDS | S51: Swakelola
A52: JUMLAH RKPDESA TAHUN ANGGARAN 2026 | Q52: =Q50+Q47+Q35+Q22+Q9 -> 2241895523 | X52: 2032351158
N54: Pandanlandung, 1 Desember 2025

Sheet DU-RKPDESA 2026
A1: DAFTAR USULAN RENCANA KERJA PEMERINTAH DESA (DU-RKPDESA)
A2: TAHUN ANGGARAN 2026
A3: DESA PANDANLANDUNG KECAMATAN WAGIR KABUPATEN MALANG
A6: No | B6: Bidang | F6: Jenis Kegiatan | I6: Data Eksisting Tahun Berjalan | K6: Target Capaian Tahun 2023 | M6: Lokasi | N6: Volume dan Satuan | O6: Penerima Manfaat | P6: Waktu Pelaksanaan | Q6: Biaya dan Sumber Pembiayaan | S6: Pola Pelaksanaan (swakelola/ Kerjasama Antar Desa/ Kerjasama pihak Ketiga)
Q7: Jumlah (Rp) | R7: Sumber Biaya
A8: a | B8: b | G8: d | I8: f | K8: g | M8: h | N8: i | O8: j | P8: k | Q8: l | R8: m | S8: n
A9: 1 | B9: BIDANG PENYELENGGARAAN PEMERINTAHAN DESA | Q9: =SUM(Q10:Q10) -> 47400000
A10: BIDANG I | F10: 1 | G10: ='APBDES 2025'!D21 -> : Penyediaan Penghasilan Tetap dan Tunjangan Kepala Desa | K10: Peningkatan Kesejahteraan Kepala Desa | M10: Desa Pandanlandung | N10: 1 Org | P10: 12 Bulan | Q10: 47400000 | R10: APBDes
F11: 2 | G11: ='APBDES 2025'!D22 -> Penyediaan Penghasilan Tetap dan Tunjangan Perangkat Desa | K11: Peningkatan Kesejahteraan Perangkat Desa | M11: Desa Pandanlandung | N11: 11 Org | P11: 12 Bulan | Q11: 320400000 | R11: APBDes
F12: 3 | G12: ='APBDES 2025'!D23 -> BPJS Ketenaga kerjaan | K12: Peningkatan Kesejahteraan Perangkat Desa | M12: Desa Pandanlandung | N12: 17 Org | P12: 12 Bulan | Q12: 57222000 | R12: APBDes
F13: 4 | G13: ='APBDES 2025'!D24 -> Penyediaan Operasional Pemerintah Desa (ATK, Honor PKPKD, PPKD, dll) | K13: Peningkatan pelayanan pemerintah Desa | M13: Desa Pandanlandung | N13: 1 Paket | P13: 12 Bulan | Q13: 69399500 | R13: APBDes
F14: 5 | G14: ='APBDES 2025'!D25 -> Penyediaan Tunjangan BPD | K14: Peningkatan Kesejahteraan BPD | M14: Desa Pandanlandung | N14: 9 Org | P14: 12 Bulan | Q14: 30600000 | R14: APBDes
F15: 6 | G15: ='APBDES 2025'!D26 -> Penyediaan Operasional BPD (Rapat, ATK, Konsumsi, Pakaian Seragam, dll) | K15: Peningkatan pelayanan pemerintahan Desa | M15: Desa Pandanlandung | N15: 1 Paket | P15: 12 bulan | Q15: 5000000 | R15: APBDes
F16: 7 | G16: ='APBDES 2025'!D27 -> Penyediaan Insentif / Operasional RT/RW | K16: Peningkatan Pelayanan ke Masyrakat | M16: Desa Pandanlandung | N16: 45 Org | P16: 12 Bulan | Q16: 45000000 | R16: APBDes
F17: 8 | G17: ='APBDES 2025'!D28 -> Penyediaan Operasional Pemerintah Desa yang bersumber dari Dana Desa
F18: 9 | G18: ='APBDES 2025'!D29 -> Penyediaan Sarana (Aset Tetap) Perkantoran/Pemerintahan
F19: 10 | G19: ='APBDES 2025'!D30 -> Penyusunan Dokumen Perencanaan Desa dan Keuangan Desa (RPJMDes, RKPDes)
F20: 11 | G20: ='APBDES 2025'!D31 -> Penyelenggaan Musyawarah Perencanaan Desa APBDes (Reguler)
F21: 12 | G21: ='APBDES 2025'!D32 -> Penyelenggaraan Musyawarah Desa Lainnya (Musdus, Rembug Desa Non Reguler)
F22: 13 | G22: ='APBDES 2025'!D33 -> Penyusunan Kebijakan Desa (Peraturan Desa, Peraturan Kepala Desa, selain RKPDes dan APBDes)
F23: 14 | G23: ='APBDES 2025'!D34 -> Administrasi Pajak Bumi dan Bangunan (PBB)
F24: 15 | G24: ='APBDES 2025'!D35 -> Penyediaan Operasional Pemerintah Desa (Pajak)
F25: 16 | G25: ='APBDES 2025'!D36 -> Penyelenggaraan Pemilihan Kepala Desa
F26: 17
A27: 2 | B27: BIDANG PELAKSANAAN PEMBANGUNAN DESA | Q27: =SUM(Q28:Q78) -> 0
A28: BIDANG II | F28: 1 | G28: ='APBDES 2025'!D38 -> Penyelanggaraan PAUD.TPA/TKA/TPQ/Madrasah Non Formal Milik Desa (Honor, Pakaian, dll) | R28: APBD | S28: Dinas Terkait
F29: 2 | G29: ='APBDES 2025'!D39 -> Penyelenggaraan Posyandu (PMT, Kelas Ibu Hamil, Lansia, Insentif) | R29: APBD | S29: Dinas Terkait
F30: 3 | G30: ='APBDES 2025'!D40 -> Sarana Prasarana Pos Kesehatan Desa | R30: APBD | S30: Dinas Terkait
F31: 4 | G31: ='APBDES 2025'!D41 -> Pembangunan Drainase RT 002 RW 001
F32: 5 | G32: ='APBDES 2025'!D42 -> Pembangunan Jalan Hotmix RT 011 RW 002
F33: 6 | G33: ='APBDES 2025'!D43 -> Pembangunan Drainase RT 015 RW 003
F34: 7 | G34: ='APBDES 2025'!D44 -> Pembangunan Drainase/Gorong-Gorong RT 017 RW 004
F35: 8 | G35: ='APBDES 2025'!D45 -> Pembangunan Gorong-Gorong dan Pavingisasi gg Sekolahan RW 005
F36: 9 | G36: ='APBDES 2025'!D46 -> Pembangunan Drainase RT 026 RW 006 | R36: APBD | S36: Dinas Terkait
F37: 10 | G37: ='APBDES 2025'!D47 -> Pelaksanaan Kegiatan PKTD | R37: APBD | S37: Dinas Terkait
F38: 11 | G38: ='APBDES 2025'!D48 -> Pembangunan Jalan Paving RT 033 RW 007 | R38: APBD | S38: Dinas Terkait
G39: •Gorong-gorong RT 9-11 Beton Buis dm 40
G40: •Paving RT.6 , RT. 8, RT.9
G41: •Talang Cor (arah Sungai RT.10)
G42: •Melanjutkan pekerjaan Bina marga RT 6
G43: •Aspal Hotmix RT.10
G44: •Gorong-Gorong RT 6 Beton Buis dm 30
G45: •Mengembalikan drainase yang di tutup warga wilayah RW.1 RT.2
G46: •RT 2 pemindahan jalan drainase kembali ke asal di wilayah perbatasan RT 1 dan RW 2 Sepanjang 90 m
G47: •Legalitas tanah diwilayah RT.1 RW.1
G48: •RT 3 Paving digang Pak Sunadi 125 m
G49: •RT 5 Paving 112,5 m
G50: •RT 24 Penyemiran Jalan/Cor 900 m dan Drainase 200 m kanan kiri
... G77: •Rabat Beton penghubung RW 5 – PWL
F78: 12 | G78: •Legalitas Surat Tanah Fasum dan Gedung serbaguna | R78: APBD | S78: Dinas Terkait
G79: •RT 30 Sarana Olah raga
G80: •Chek Dam
G81: •Pagar Dusun RT.25 , RT.30, RT.31
G82: •Saluran Drainase RT.26, RT.25 s/d RT.3
G83: •Lapangan Sepak Bola
G84: •Pengadaan Sarpras PKK
G85: •Peralatan Pemadam Kebakaran (Mesin Diesel)
G86: •Rehab Polindes
G87: •Ambullance Desa
G88: •Kalibrasi Antropometri
F89: 13 | G89: •Sarpras Pengajian (terpal dan Karpet)
G90: •Sewa Gedung bulu tangkis
G91: •Sarpras Kegiatan Rutin TPQ
F92: 14
A93: 3 | B93: BIDANG PEMBINAAN KEMASYARAKATAN | Q93: =SUM(Q94:Q99) -> 20000000
A94: BIDANG III | F94: 1 | G94: Pelatihan Linmas | I94: Sudah Ada Destana | K94: Peningkatan Kapasitas Linmas Dalam Kesiapsiagaan Bencana | M94: Linmas | N94: 1 Paket | O94: 1 Paket | P94: 12 Bulan | Q94: 20000000 | R94: APBD | S94: BPBD
F95: 2
F96: 3
F97: 4
F98: 5
F99: 6
G100: Operasional SSB
G101: Operasional KIM
G102: Operasional Kader
G103: Operasional Swadeshi
G104: Operasional LPMD
G105: Operasional Karang Taruna
G106: Operasional Ilal Ahad
G107: Operasional Kesenian
G108: Operasional Linmas
G109: Operasional RW
G110: Operasional PKK
G111: Operasional Forum Anak
A112: 4 | B112: BIDANG PEMBERDAYAAN MASYARAKAT | Q112: =SUM(Q113:Q115) -> 0
A113: BIDANG IV | F113: 1
F114: 2
F115: 3
G116: •Sosialisasi E-PKK
G117: •Pengajian PKK Setiap 3 Bulan Sekali (Pokja 1)
G118: •Pelatihan Pembuatan PMT
G119: •Turnamen Sepak Bola Kelompok Umur
G120: •Peningkatan Kapasitas Linmas
G121: •Peningkatan Kapasitas Swadeshi
G122: •Agenda Turnamen Bulu Tangkis Tahunan
G123: •Agenda Pertandingan persahabatan
A124: 5 | B124: PENANGGULANGAN BENCANA, KEADAAN MENDESAK DAN DARURAT LAINNYA | Q124: =Q125 -> 0
A125: BIDANG V | F125: 1
A126: JUMLAH RKPDESA TAHUN ANGGARAN 2024 | Q126: =Q124+Q112+Q93+Q27+Q9 -> 67400000
N128: Pandanlandung, 15 Desember 2023

Sheet PENDAPATAN DESA
A1: RINCIAN ANGGARAN PENDAPATAN
A2: DESA PANDANLANDUNG
A3: TAHUN ANGGARAN 2026
A6: KODE | B6: URAIAN | E6: ANGGARAN (Rp.) | F6: SUMBER DANA
A7: 1 | B7: 2 | E7: 3 | F7: 4
A8: 4. | B8: PENDAPATAN
A9: 4.1. | C9: Pendapatan Asli Desa | E9: =E10 -> 0
C10: 1 | D10: Hasil Pengelolaan TKD | E10: 0 | F10: PAD
A11: 4.2. | C11: Pendapatan Transfer | E11: =SUM(E12:E14) -> 2104944087
C12: 1 | D12: Alokasi Dana Desa | E12: 694432000 | F12: ADD
C13: 2 | D13: Dana Desa | E13: 1270999000 | F13: DDS
C14: 3 | D14: Pendapatan Bagi Hasil Pajak dan Retribusi | E14: 139513087 | F14: PBH
A15: 4.3. | C15: Pendapatan Lain-Lain | E15: =SUM(E16:E17) -> 7214124
C16: 1 | D16: Bagi Hasil Kerjasama Antar Desa | E16: 5000000 | F16: DLL
C17: 2 | D17: Bunga Bank | E17: 2214124 | F17: DLL
A18: JUMLAH PENDAPATAN | E18: =E15+E11+E9 -> 2112158211

Sheet PENERIMAAN PEMBIAYAAN
A1: PEMERINTAH DESA PANDANLANDUNG
A2: RINCIAN PENERIMAAN PEMBIAYAAN DESA | L2: PROYEKSI SILPA APBDES 2025
A3: TAHUN ANGGARAN 2026
A6: KODE | B6: U R A I A N | G6: RINCIAN
G7: VOLUME | I7: HARGA SATUAN | J7: JUMLAH (Rp)
A8: 1 | B8: 2 | G8: 3 | I8: 4 | J8: 5
A9: 6 | B9: PEMBIYAAN | J9: =J10 -> 197166973
A10: 6.1. | B10: Penerimaan Pembiayaan | J10: =J11 -> 197166973
A11: 6.1.1. | C11: Silpa Tahun Sebelumnya | J11: =SUM(J12:J15) -> 197166973 | L11: SISA ANGGARAN BELUM TERALOKASI
C12: 01 | D12: Silpa Alokasi Dana Desa | E12: ADD | G12: 1 | H12: LS | I12: 141150958 | J12: =I12*G12 -> 141150958 | L12: =J12-N2 -> 141150958
C13: 02 | D13: Silpa Dana Desa | E13: DDS | G13: 1 | H13: LS | I13: 500000 | J13: =I13*G13 -> 500000
C14: 03 | D14: Silpa Pajak Bagi Hasil dan Retribusi Daerah | E14: PBH | G14: 1 | H14: LS | I14: 37755495 | J14: =I14*G14 -> 37755495
C15: 04 | D15: Silpa Pendapatan lain-lain | E15: DLL | G15: 1 | H15: LS | I15: 17760520 | J15: =I15*G15 -> 17760520
B16: JUMLAH (Rp) | J16: =J9 -> 197166973
G18: Pandanlandung, 29 November 2025
A19: Pj. Kepala Desa Pandanlandung | G19: Sekretaris Desa Pandanlandung
A23: HARI SULISTIONO, S.AP | G23: ACHMAD BAGUS SADEWA

Sheet PENGELUARAN PEMBIAYAAN
A1: PEMERINTAH DESA PANDANLANDUNG
A2: RINCIAN PENGELUARAN PEMBIAYAAN DESA
A3: TAHUN ANGGARAN 2024
A6: KODE | B6: U R A I A N | G6: RINCIAN
G7: VOLUME | I7: HARGA SATUAN | J7: JUMLAH (Rp)
A8: 1 | B8: 2 | G8: 3 | I8: 4 | J8: 5
A9: 6 | B9: PEMBIYAAN | J9: =J10 -> 254500000
A10: 6.1. | B10: Pengeluaran Pembiayaan | J10: =J11 -> 254500000
A11: 6.1.1. | C11: Silpa Tahun Sebelumnya | J11: =SUM(J12:J12) -> 254500000
C12: 01 | D12: Penyertaan Modal BUMDes | E12: DDS | G12: 1 | H12: Kl | I12: 254500000 | J12: =I12*G12 -> 254500000
B13: JUMLAH (Rp) | J13: =J9 -> 254500000
G15: Pandanlandung, 29 November 2025
A16: Pj. Kepala Desa Pandanlandung | G16: Sekretaris Desa Pandanlandung
A20: HARI SULISTIONO, S.AP | G20: ACHMAD BAGUS SADEWA

Sheet KONTROL ANGGARAN SUMBER DANA
A1: FORM KONTROL ANGGARAN PER SUMBER DANA
A2: DESA PANDANLANDUNG
A3: TAHUN ANGGARAN 2026
A6: KODE | B6: URAIAN | E6: ANGGARAN (Rp.) | F6: TERPAKAI | G6: SISA | H6: SUMBER DANA
A7: 1 | B7: 2 | E7: 3 | F7: 4 | G7: 5 | H7: 6
A8: 4. | B8: PENDAPATAN
A9: 4.1. | C9: Pendapatan Asli Desa | E9: =E10 -> 2000000 | G9: =G10 -> 0
C10: 1 | D10: Hasil Pengelolaan TKD | E10: 2000000 | F10: =2000000 -> 2000000 | G10: =E10-F10 -> 0 | H10: PAD
A11: 4.2. | C11: Pendapatan Transfer | E11: =SUM(E12:E14) -> 2104944087 | G11: =SUM(G12:G14) -> 143562171
C12: 1 | D12: Alokasi Dana Desa | E12: ='PENDAPATAN DESA'!E12 -> 694432000 | F12: =KADES!K3+PERANGKAT!M3+BPJS!M3+'OPS PEMDES'!M3+BPD!M3+'OPS BPD'!M3+'RT RW'!M3+'SARPRAS KANTOR DESA'!M5+'OPS LPMD'!M4+'OPS PKK'!M4 -> 712241216 | G12: =E12-F12 -> -17809216 | H12: ADD
C13: 2 | D13: Dana Desa | E13: ='PENDAPATAN DESA'!E13 -> 1270999000 | F13: ='OPS PEMDES'!M4+'OPS PEMDES 3%'!M4+'SUN RKP'!M4+'Sun APBDes'!M4+'PAUD TPQ'!J18+'SARPRAS POSYANDU'!M2+POSYANDU!M3+'RT 02 RW 01'!J3+'RW 2'!O2+'RT 15 RW 3'!N3+'RW 04.'!T4+'RW 5'!T3+'RW 06'!I2+'RW 07'!Q2+PKTD!U4+'OPS KIM'!M3+'OPS KESENIAN'!M3+'BLT DD'!M3+'PENGELUARAN PEMBIAYAAN'!J13+'OPS RW'!M5+'OPS PB. PANDANLANDUNG'!M3+KDMP!M3 -> 1101995700 | G13: =E13-F13 -> 169003300 | H13: DDS
C14: 3 | D14: Pendapatan Bagi Hasil Pajak dan Retribusi | E14: ='PENDAPATAN DESA'!E14 -> 139513087 | F14: ='SARPRAS KANTOR DESA'!M3 -> 147145000 | G14: =E14-F14 -> -7631913 | H14: PBH
A15: 4.3. | C15: Pendapatan Lain-Lain | E15: =SUM(E16:E16) -> 5000000 | G15: =G16 -> 5000000
C16: 1 | D16: Bagi Hasil Kerjasama Antar Desa | E16: 5000000 | G16: =E16-F16 -> 5000000 | H16: DLL
C17: 2 | D17: ='PENDAPATAN DESA'!D17 -> Bunga Bank | E17: ='PENDAPATAN DESA'!E17 -> 2214124
A18: 6. | B18: PENERIMAAN PEMBIAYAAN | J18: =254500000-213653300 -> 40846700
A19: 6.1 | C19: Silpa Tahun Sebelumnya | E19: =SUM(E20:E23) -> 197166973 | G19: =SUM(G20:G22) -> 179406453
C20: 1 | D20: Silpa Alokasi Dana Desa | E20: ='PENERIMAAN PEMBIAYAAN'!I12 -> 141150958 | G20: =E20-F20 -> 141150958 | H20: s.ADD
C21: 2 | D21: Silpa Dana Desa | E21: ='PENERIMAAN PEMBIAYAAN'!I13 -> 500000 | G21: =E21-F21 -> 500000 | H21: s.DDS
C22: 3 | D22: Silpa Pajak Bagi Hasil dan Retribusi Daerah | E22: ='PENERIMAAN PEMBIAYAAN'!I14 -> 37755495 | G22: =E22-F22 -> 37755495 | H22: s.PBH
C23: 4 | D23: Silpa Pendapatan lain-lain | E23: ='PENERIMAAN PEMBIAYAAN'!I15 -> 17760520 | G23: =E23-F23 -> 17760520 | H23: s.DLL
A24: JUMLAH ANGGARAN DIKELOLA | E24: =E15+E11+E9+E19 -> 2309111060 | F24: =F15+F11+F9 -> 0 | G24: =G15+G11+G9+G19 -> 327968624

Sheet BELANJA PER BIDANG
A1: ANGGARAN PENDAPATAN DAN BELANJA DESA (APBDESA)
A2: DESA PANDANLANDUNG
A3: TAHUN ANGGARAN 2024
A6: KODE | B6: URAIAN | E6: ANGGARAN (Rp.) | F6: SUMBER DANA
A7: 1 | B7: 2 | E7: 3 | F7: 4
A8: 4. | B8: PENDAPATAN
A9: 4.1. | C9: Pendapatan Asli Desa | E9: =E10 -> 2000000
C10: 1 | D10: Hasil Pengelolaan TKD | E10: 2000000 | F10: PAD
A11: 4.2. | C11: Pendapatan Transfer | E11: =SUM(E12:E14) -> 2104944087
C12: 1 | D12: Alokasi Dana Desa | E12: ='PENDAPATAN DESA'!E12 -> 694432000 | F12: ADD
C13: 2 | D13: Dana Desa | E13: ='PENDAPATAN DESA'!E13 -> 1270999000 | F13: DDS
C14: 3 | D14: Pendapatan Bagi Hasil Pajak dan Retribusi | E14: ='PENDAPATAN DESA'!E14 -> 139513087 | F14: PBH
A15: 4.3. | C15: Pendapatan Lain-Lain | E15: =SUM(E16:E16) -> 5000000
C16: 1 | D16: Bagi Hasil Kerjasama Antar Desa | E16: ='PENDAPATAN DESA'!E16 -> 5000000 | F16: DLL
C17: 2 | D17: ='PENDAPATAN DESA'!D17 -> Bunga Bank | E17: ='PENDAPATAN DESA'!E17 -> 2214124
A18: JUMLAH PENDAPATAN | E18: =E15+E11+E9 -> 2111944087
A19: 5. | B19: BELANJA
A20: 5.01. | C20: BIDANG PENYELENGGARAAN PEMERINTAHAN DESA | E20: ='APBDES 2025'!E20 -> 1018084216
C21: 1 | D21: =KADES!B6 -> : Penyediaan Penghasilan Tetap dan Tunjangan Kepala Desa | E21: =KADES!H19 -> 59520000 | F21: ADD
C22: 2 | D22: =PERANGKAT!D6 -> Penyediaan Penghasilan Tetap dan Tunjangan Perangkat Desa | E22: =PERANGKAT!J26 -> 339168000 | F22: ADD
C23: 3 | D23: Penyediaan Operasional Pemerintah Desa (ATK, Honor PKPKD, PPKD, dll) | E23: ='OPS PEMDES'!J82 -> 164090000 | F23: ADD, DDS
C24: 4 | D24: =BPD!D6 -> Penyediaan Tunjangan BPD | E24: =BPD!J20 -> 58800000 | F24: ADD
C25: 5 | D25: Penyediaan Operasional BPD (Rapat, ATK, Konsumsi, Pakaian Seragam, dll) | E25: ='OPS BPD'!J17 -> 4000000 | F25: ADD
C26: 6 | D26: Penyediaan Insentif / Operasional RT/RW | E26: ='RT RW'!J18 -> 143940000 | F26: ADD
C27: 7 | D27: Penyediaan Operasional Pemerintah Desa yang bersumber dari Dana Desa | E27: ='OPS PEMDES 3%'!J28 -> 38129000 | F27: DDS
C28: 8 | D28: Penyediaan Sarana (Aset Tetap) Perkantoran/Pemerintahan | E28: ='SARPRAS KANTOR DESA'!J43 -> 175195000 | F28: PBH
C29: 9 | D29: Pengembangan Sistem Informasi Desa (SDGs) | E29: =#REF! -> #REF! | F29: DDS
C30: 10 | D30: Penyusunan Dokumen Perencanaan Desa dan Keuangan Desa (RPJMDes, RKPDes) | E30: ='SUN RKP'!J33 -> 2705000 | F30: DDS
C31: 11 | D31: Penyelenggaraan Musyawarah Desa Lainnya (Musdus, Rembug Desa Non Reguler) | E31: =NONREGULER!J24 -> 2000000 | F31: PAD
C32: 12 | D32: Penyusunan Kebijakan Desa (Peraturan Desa, Peraturan Kepala Desa, selain RKPDes dan APBDes) | E32: ='SUN KEBIJAKAN DESA'!J21 -> 500000 | F32: PBH
C33: 13 | D33: Administrasi Pajak Bumi dan Bangunan (PBB) | E33: ='SPPT PBB'!J18 -> 20330000 | F33: PBH
A34: 5.02. | C34: BIDANG PELAKSANAAN PEMBANGUNAN DESA | E34: ='APBDES 2025'!E37 -> 423691500
C35: 1 | D35: ='PAUD TPQ'!D6 -> Penyelanggaraan PAUD.TPA/TKA/TPQ/Madrasah Non Formal Milik Desa (Honor, Pakaian, dll) | E35: ='PAUD TPQ'!J18 -> 24000000 | F35: DDS
C36: 2 | D36: =POSYANDU!D6 -> Penyelenggaraan Posyandu (PMT, Kelas Ibu Hamil, Lansia, Insentif) | E36: =POSYANDU!J51 -> 67284000 | F36: DDS
C37: 3 | D37: =#REF! -> #REF! | E37: =#REF! -> #REF! | F37: DDS
C38: 4 | D38: =#REF! -> #REF! | E38: =#REF! -> #REF! | F38: DDS
C39: 5 | D39: =#REF! -> #REF! | E39: =#REF! -> #REF! | F39: DDS
A40: 5.03. | C40: BIDANG PEMBINAAN KEMASYARAKATAN | E40: ='APBDES 2025'!E49 -> 43040000
C41: 1 | D41: ='OPS LPMD'!D6 -> Pembinaan Kelembagaan LPMD | E41: ='OPS LPMD'!J19 -> 3000000 | F41: ADD
C42: 2 | D42: ='OPS KIM'!D6 -> Pembinaan Kelembagaan Kelompok Informasi Masyarakat (KIM) | E42: ='OPS KIM'!J18 -> 5000000 | F42: DDS
C43: 3 | D43: ='OPS PB. PANDANLANDUNG'!D6 -> Pembinaan Kelembagaan PB. PANDANLANDUNG | E43: ='OPS PB. PANDANLANDUNG'!J19 -> 5000000 | F43: DDS
C44: 4 | D44: ='OPS PSB PANDAWA'!D6 -> Pembinaan Kelembagaan Paguyuban Sepak Bola | E44: ='OPS PSB PANDAWA'!J19 -> 5000000 | F44: DDS
C45: 5 | D45: ='OPS KESENIAN'!D6 -> Pembinaan Kelembagaan Kesenian Desa | E45: ='OPS PB. PANDANLANDUNG'!J19 -> 5000000 | F45: DDS
C46: 6 | D46: ='OPS LINMAS'!D6 -> Pelatihan Tanggap Bencana | E46: ='OPS LINMAS'!J25 -> 4750000 | F46: PBH
C47: 7 | D47: ='OPS FORUM ANAK'!D6 -> Pembinaan Kelembagaan Forum Anak Desa | E47: ='OPS FORUM ANAK'!J27 -> 5290000 | F47: DDS
C48: 8 | D48: ='OPS PKK'!D6 -> Pembinaan Kelembagaan PKK Desa | E48: ='OPS PKK'!J27 -> 10000000 | F48: ADD
A49: 5.04. | C49: BIDANG PEMBERDAYAAN MASYARAKAT DESA | E49: =SUM(E50) -> #REF!
C50: 1 | D50: =#REF! -> #REF! | E50: =#REF! -> #REF! | F50: DDS
A51: 5.05. | C51: BIDANG PENANGGULANGAN BENCANA, DARURAT DAN MENDESAK DESA | E51: =E52 -> 144000000
C52: 1 | D52: Bantuan Langsung Tunai Dana Desa | E52: ='BLT DD'!J18 -> 144000000 | F52: DDS
A53: JUMLAH BELANJA | E53: =E51+E49+E40+E34+E20 -> #REF!
A54: SURPLUS/(DEFISIT) | E54: =E18-E53 -> #REF!

Sheet APBDES 2025
A1: ANGGARAN PENDAPATAN DAN BELANJA DESA (APBDESA)
A2: DESA PANDANLANDUNG
A3: TAHUN ANGGARAN 2026
A6: KODE | B6: URAIAN | E6: ANGGARAN (Rp.) | F6: SUMBER DANA
A7: 1 | B7: 2 | E7: 3 | F7: 4
A8: 4. | B8: PENDAPATAN
A9: 4.1. | C9: Pendapatan Asli Desa | E9: =E10 -> 0
C10: 1 | D10: Hasil Pengelolaan TKD | E10: ='PENDAPATAN DESA'!E10 -> 0 | F10: PAD
A11: 4.2. | C11: Pendapatan Transfer | E11: =SUM(E12:E14) -> 2104944087
C12: 1 | D12: Alokasi Dana Desa | E12: ='PENDAPATAN DESA'!E12 -> 694432000 | F12: ADD
C13: 2 | D13: Dana Desa | E13: ='PENDAPATAN DESA'!E13 -> 1270999000 | F13: DDS
C14: 3 | D14: Pendapatan Bagi Hasil Pajak dan Retribusi | E14: ='PENDAPATAN DESA'!E14 -> 139513087 | F14: PBH
A15: 4.3. | C15: Pendapatan Lain-Lain | E15: =SUM(E16:E16) -> 5000000
C16: 1 | D16: Bagi Hasil Kerjasama Antar Desa | E16: ='PENDAPATAN DESA'!E16 -> 5000000 | F16: DLL
C17: 2 | D17: ='BELANJA PER BIDANG'!D17 -> Bunga Bank | E17: ='BELANJA PER BIDANG'!E17 -> 2214124 | F17: DLL
A18: JUMLAH PENDAPATAN | E18: =E15+E11+E9 -> 2109944087
A19: 5. | B19: BELANJA
A20: 5.01. | C20: BIDANG PENYELENGGARAAN PEMERINTAHAN DESA | E20: =SUM(E21:E36) -> 1018084216
C21: 1 | D21: =KADES!B6 -> : Penyediaan Penghasilan Tetap dan Tunjangan Kepala Desa | E21: =KADES!H19 -> 59520000 | F21: ADD
C22: 2 | D22: =PERANGKAT!D6 -> Penyediaan Penghasilan Tetap dan Tunjangan Perangkat Desa | E22: =PERANGKAT!J26 -> 339168000 | F22: ADD
C23: 3 | D23: BPJS Ketenaga kerjaan | E23: =BPJS!M3 -> 2763216 | F23: ADD
C24: 4 | D24: Penyediaan Operasional Pemerintah Desa (ATK, Honor PKPKD, PPKD, dll) | E24: ='OPS PEMDES'!J82 -> 164090000 | F24: ADD, DDS
C25: 5 | D25: =BPD!D6 -> Penyediaan Tunjangan BPD | E25: =BPD!J20 -> 58800000 | F25: ADD
C26: 6 | D26: Penyediaan Operasional BPD (Rapat, ATK, Konsumsi, Pakaian Seragam, dll) | E26: ='OPS BPD'!J17 -> 4000000 | F26: ADD
C27: 7 | D27: Penyediaan Insentif / Operasional RT/RW | E27: ='RT RW'!J18 -> 143940000 | F27: ADD
C28: 8 | D28: Penyediaan Operasional Pemerintah Desa yang bersumber dari Dana Desa | E28: ='OPS PEMDES 3%'!J28 -> 38129000 | F28: DDS
C29: 9 | D29: Penyediaan Sarana (Aset Tetap) Perkantoran/Pemerintahan | E29: ='SARPRAS KANTOR DESA'!J43 -> 175195000 | F29: PBH
C30: 10 | D30: Penyusunan Dokumen Perencanaan Desa dan Keuangan Desa (RPJMDes, RKPDes) | E30: ='SUN RKP'!J33 -> 2705000 | F30: DDS
C31: 11 | D31: Penyelenggaan Musyawarah Perencanaan Desa APBDes (Reguler) | E31: ='Sun APBDes'!M4 -> 4430000 | F31: DDS
C32: 12 | D32: Penyelenggaraan Musyawarah Desa Lainnya (Musdus, Rembug Desa Non Reguler) | E32: =NONREGULER!J24 -> 2000000 | F32: PAD
C33: 13 | D33: Penyusunan Kebijakan Desa (Peraturan Desa, Peraturan Kepala Desa, selain RKPDes dan APBDes) | E33: ='SUN KEBIJAKAN DESA'!J21 -> 500000 | F33: PBH, DLL
C34: 14 | D34: Administrasi Pajak Bumi dan Bangunan (PBB) | E34: ='SPPT PBB'!J18 -> 20330000 | F34: PBH
C35: 15 | D35: Penyediaan Operasional Pemerintah Desa (Pajak) | E35: ='OPERASIONAL PAJAK'!M3 -> 2514000 | F35: DLL
C36: 16 | D36: Penyelenggaraan Pemilihan Kepala Desa | F36: SAD
A37: 5.02. | C37: BIDANG PELAKSANAAN PEMBANGUNAN DESA | E37: =SUM(E38:E47) -> 423691500
C38: 1 | D38: ='PAUD TPQ'!D6 -> Penyelanggaraan PAUD.TPA/TKA/TPQ/Madrasah Non Formal Milik Desa (Honor, Pakaian, dll) | E38: ='PAUD TPQ'!J18 -> 24000000 | F38: DDS
C39: 2 | D39: =POSYANDU!D6 -> Penyelenggaraan Posyandu (PMT, Kelas Ibu Hamil, Lansia, Insentif) | E39: =POSYANDU!J51 -> 67284000 | F39: DDS
D40: Sarana Prasarana Pos Kesehatan Desa
C41: 3 | D41: Pembangunan Drainase RT 002 RW 001 | E41: ='RT 02 RW 01'!J3 -> 84804800 | F41: DDS
C42: 4 | D42: Pembangunan Jalan Hotmix RT 011 RW 002 | E42: ='RW 2'!O2 -> 56239000 | F42: DDS
C43: 5 | D43: Pembangunan Drainase RT 015 RW 003 | E43: ='RT 15 RW 3'!N3 -> 52002100 | F43: DDS
C44: 6 | D44: Pembangunan Drainase/Gorong-Gorong RT 017 RW 004 | E44: ='RW 04.'!T4 -> 34674100 | F44: DDS
C45: 7 | D45: Pembangunan Gorong-Gorong dan Pavingisasi gg Sekolahan RW 005 | E45: ='RW 5'!T3 -> 54116400 | F45: DDS
C46: 8 | D46: Pembangunan Drainase RT 026 RW 006 | E46: ='RW 06'!I2 -> 45571100 | F46: DDS
C47: 9 | D47: Pelaksanaan Kegiatan PKTD | E47: =PKTD!L17 -> 5000000 | F47: DDS
C48: 10 | D48: Pembangunan Jalan Paving RT 033 RW 007 | E48: ='RW 07'!Q2 -> 89040200 | F48: DDS
A49: 5.03. | C49: BIDANG PEMBINAAN KEMASYARAKATAN | E49: =E50+E51+E52+E53+E54+E55+E56+E57 -> 43040000
C50: 1 | D50: ='OPS LPMD'!D6 -> Pembinaan Kelembagaan LPMD | E50: ='OPS LPMD'!J19 -> 3000000 | F50: ADD
C51: 2 | D51: ='OPS KIM'!D6 -> Pembinaan Kelembagaan Kelompok Informasi Masyarakat (KIM) | E51: ='OPS KIM'!J18 -> 5000000 | F51: DDS
C52: 3 | D52: ='OPS PB. PANDANLANDUNG'!D6 -> Pembinaan Kelembagaan PB. PANDANLANDUNG | E52: ='OPS PB. PANDANLANDUNG'!J19 -> 5000000 | F52: DDS
C53: 4 | D53: ='OPS PSB PANDAWA'!D6 -> Pembinaan Kelembagaan Paguyuban Sepak Bola | E53: ='OPS PSB PANDAWA'!J19 -> 5000000 | F53: DDS
C54: 5 | D54: ='OPS KESENIAN'!D6 -> Pembinaan Kelembagaan Kesenian Desa | E54: ='OPS PB. PANDANLANDUNG'!J19 -> 5000000 | F54: DDS
C55: 6 | D55: ='OPS LINMAS'!D6 -> Pelatihan Tanggap Bencana | E55: ='OPS LINMAS'!J25 -> 4750000 | F55: PBH
C56: 7 | D56: ='OPS FORUM ANAK'!D6 -> Pembinaan Kelembagaan Forum Anak Desa | E56: ='OPS FORUM ANAK'!J27 -> 5290000 | F56: DDS
C57: 8 | D57: ='OPS PKK'!D6 -> Pembinaan Kelembagaan PKK Desa | E57: ='OPS PKK'!J27 -> 10000000 | F57: ADD
A58: 5.04. | C58: BIDANG PEMBERDAYAAN MASYARAKAT DESA | E58: =SUM(E59:E61) -> #REF!
D59: P2Pl | E59: ='OPS ILAL AHAD'!M5 -> 5000000 | F59: SDD
C60: 1 | D60: =#REF! -> #REF! | E60: =#REF! -> #REF! | F60: DDS
C61: 2 | D61: Pelatihan Peningkatan Kapasitas RT & RW | E61: ='OPS RW'!M3 -> 35000000
A62: 5.05. | C62: BIDANG PENANGGULANGAN BENCANA, DARURAT DAN MENDESAK DESA | E62: =SUM(E63:E64) -> #REF!
C63: 1 | D63: Bantuan Langsung Tunai Dana Desa | E63: ='BLT DD'!J18 -> 144000000 | F63: DDS
D64: Pembelian Peralatan Tanggap Bencana | E64: =#REF! -> #REF! | F64: DDS
A65: JUMLAH BELANJA | E65: =E62+E58+E49+E37+E20 -> #REF!
A66: SURPLUS/(DEFISIT) | E66: =E18-E65 -> #REF!

Sheet KADES
A1: RENCANA ANGGARAN BIAYA (RAB)
A2: PEMERINTAH DESA PANDANLANDUNG | J2: Check Sum:
A3: TAHUN ANGGARAN 2026 | J3: ADD | K3: =H19 -> 59520000
A5: Bidang | B5: : PENYELENGGARAAN PEMERINTAHAN DESA
A6: Kegiatan | B6: : Penyediaan Penghasilan Tetap dan Tunjangan Kepala Desa
A7: Waktu | B7: : 12 Bulan
A8: Output | B8: : Pembayaran Siltap dan Tunjangan Kepala Desa
A10: KODE | B10: U R A I A N | E10: RINCIAN
E11: VOLUME | G11: HARGA SATUAN | H11: JUMLAH (Rp)
A12: 1 | B12: 2 | E12: 3 | G12: 4 | H12: 5
A13: 5 | B13: BELANJA | H13: =H14 -> 59520000 | J13: Dasar Hukum: Peraturan Bupati Malang Nomor 202 Tahun 2022 tentang Pendapatan Kades, Perangkat Desa, Tunjangan BPD, dan Insentif Ketua RT dan Ketua RW (Pasal 4 dan 5)
A14: 5.1.1. | B14: Penghasilan Tetap dan Tunjangan Kepala Desa | H14: =H17+H15 -> 59520000
A15: 5.1.1.01. | B15: Penghasilan Tetap Kepala Desa | H15: =H16 -> 48000000
B16: 01. Kepala Desa | C16: ADD | E16: 12 | F16: OB | G16: 4000000 | H16: =G16*E16 -> 48000000
A17: 5.1.1.02. | B17: Tunjangan Kepala Desa | H17: =H18 -> 11520000
B18: 01. Kepala Desa | C18: ADD | E18: 12 | F18: OB | G18: 960000 | H18: =G18*E18 -> 11520000
B19: JUMLAH (Rp) | H19: =H13 -> 59520000
E21: Pandanlandung, 29 November 2025
A22: Pj. Kepala Desa Pandanlandung | E22: Pelaksana Kegiatan
A26: HARI SULISTIONO, S.AP | E26: NOVIA RAHAYU

Sheet PERANGKAT
A1: RENCANA ANGGARAN BIAYA (RAB)
A2: PEMERINTAH DESA PANDANLANDUNG | L2: Check Sum:
A3: TAHUN ANGGARAN 2026 | L3: ADD | M3: =J21+J15 -> 339168000
A5: Bidang | C5: : | D5: PENYELENGGARAAN PEMERINTAHAN DESA
A6: Kegiatan | C6: : | D6: Penyediaan Penghasilan Tetap dan Tunjangan Perangkat Desa
A7: Waktu | C7: : | D7: 12 Bulan
A8: Output | C8: : | D8: Pembayaran Siltap dan Tunjangan Perangkat Desa
A10: KODE | B10: U R A I A N | G10: RINCIAN
G11: VOLUME | I11: HARGA SATUAN | J11: JUMLAH (Rp)
A12: 1 | B12: 2 | G12: 3 | I12: 4 | J12: 5
A13: 5 | B13: BELANJA | J13: =J14+J20 -> 339168000
A14: 5.1.1. | B14: Penghasilan Tetap dan Tunjangan Perangkat Desa | J14: =J15 -> 300000000
A15: 5.1.1.01. | C15: Penghasilan Tetap Perangkat Desa | J15: =SUM(J16:J19) -> 300000000 | L15: Dasar Hukum: Peraturan Bupati Malang Nomor 202 Tahun 2022 tentang Pendapatan Kades, Perangkat Desa, Tunjangan BPD, dan Insentif Ketua RT dan Ketua RW (Pasal 4 dan 5)
C16: 01 | D16: Sekretaris Desa | E16: ADD | G16: 12 | H16: OB | I16: 2500000 | J16: =I16*G16 -> 30000000
C17: 02 | D17: Kepala Urusan | E17: ADD | G17: 36 | H17: OB | I17: 2250000 | J17: =I17*G17 -> 81000000
C18: 03 | D18: Kepala Seksi | E18: ADD | G18: 36 | H18: OB | I18: 2250000 | J18: =I18*G18 -> 81000000
C19: 04 | D19: Kepala Dusun | E19: ADD | G19: 48 | H19: OB | I19: 2250000 | J19: =I19*G19 -> 108000000
A20: 5.1.1. | B20: Penghasilan Tetap dan Tunjangan Perangkat Desa | J20: =J21 -> 39168000
A21: 5.1.1.02. | C21: Tunjangan Perangkat Desa | J21: =SUM(J22:J25) -> 39168000
C22: 01 | D22: Sekretaris Desa | E22: ADD | G22: 12 | H22: OB | I22: 384000 | J22: =I22*G22 -> 4608000
C23: 02 | D23: Kepala Urusan | E23: ADD | G23: 36 | H23: OB | I23: 288000 | J23: =I23*G23 -> 10368000
C24: 03 | D24: Kepala Seksi | E24: ADD | G24: 36 | H24: OB | I24: 288000 | J24: =I24*G24 -> 10368000
C25: 04 | D25: Kepala Dusun | E25: ADD | G25: 48 | H25: OB | I25: 288000 | J25: =I25*G25 -> 13824000
B26: JUMLAH (Rp) | J26: =J13 -> 339168000
G28: Pandanlandung, 29 November 2025
A29: Pj. Kepala Desa Pandanlandung | G29: Pelaksana Kegiatan
A33: HARI SULISTIONO, S.AP | G33: NOVIA RAHAYU

Sheet BPJS
A1: RENCANA ANGGARAN BIAYA (RAB)
A2: PEMERINTAH DESA PANDANLANDUNG | L2: Check Sum:
A3: TAHUN ANGGARAN 2026 | L3: ADD | M3: =J13 -> 2763216
A5: Bidang | C5: : | D5: PENYELENGGARAAN PEMERINTAHAN DESA
A6: Kegiatan | C6: : | D6: Penyediaan Penghasilan Tetap dan Tunjangan Perangkat Desa
A7: Waktu | C7: : | D7: 12 Bulan
A8: Output | C8: : | D8: Pembayaran Siltap dan Tunjangan Perangkat Desa
A10: KODE | B10: U R A I A N | G10: RINCIAN
G11: VOLUME | I11: HARGA SATUAN | J11: JUMLAH (Rp)
A12: 1 | B12: 2 | G12: 3 | I12: 4 | J12: 5
A13: 5 | B13: BELANJA | J13: =J14 -> 2763216
A14: 5.1.1. | B14: Pembayaran Iuran BPJS Ketenaga Kerjaan | J14: =J15+J18 -> 2763216
A15: 5.1.1.01. | C15: Pembayaran Iuran BPJS Ketenaga Kerjaan Kepala Desa | J15: =SUM(J16:J17) -> 230268
C16: 01 | D16: Jaminan Kematian | E16: ADD | G16: 12 | H16: OB | I16: 10661 | J16: =I16*G16 -> 127932
C17: 02 | D17: Jaminan Kecelakaan Kerja | E17: ADD | G17: 12 | H17: OB | I17: 8528 | J17: =I17*G17 -> 102336
C18: Pembayaran Iuran BPJS Ketenagakerjaan Perangkat Desa | J18: =SUM(J19:J20) -> 2532948
C19: 01 | D19: Jaminan Kematian | E19: ADD | G19: 132 | H19: OB | I19: 10661 | J19: =I19*G19 -> 1407252
C20: 02 | D20: Jaminan Kecelakaan Kerja | E20: ADD | G20: 132 | H20: OB | I20: 8528 | J20: =I20*G20 -> 1125696
B21: JUMLAH (Rp) | J21: =J13 -> 2763216
G23: Pandanlandung, 29 November 2025
A24: Pj. Kepala Desa Pandanlandung | G24: Pelaksana Kegiatan
A28: HARI SULISTIONO, S.AP | G28: NOVIA RAHAYU

Sheet OPS PEMDES
A1: RENCANA ANGGARAN BIAYA (RAB)
A2: PEMERINTAH DESA PANDANLANDUNG | L2: Check Sum:
A3: TAHUN ANGGARAN 2026 | L3: ADD | M3: =J60+J66+J75 -> 63000000 | P3: =M3+M5 -> 119290000
L4: DDS | M4: =J77+J70 -> 44800000 | P4: =P3+M4 -> 164090000
A5: Bidang | C5: : | D5: PENYELENGGARAAN PEMERINTAHAN DESA | L5: SILPA ADD | M5: =J15+J51+J57 -> 56290000
A6: Kegiatan | C6: : | D6: Penyediaan Operasional Pemerintah Desa (ATK, Honor PKPKD, PPKD, dll)
A7: Waktu | C7: : | D7: 12 Bulan | N7: =M3+M5+M4 -> 164090000
A8: Output | C8: : | D8: Penyediaan Operasional Pemerintah Desa
A10: KODE | B10: U R A I A N | G10: RINCIAN
G11: VOLUME | I11: HARGA SATUAN | J11: JUMLAH (Rp)
A12: 1 | B12: 2 | G12: 3 | I12: 4 | J12: 5
A13: 5 | B13: BELANJA | J13: =J14+J57+J60+J66+J74+J70 -> 164090000
A14: 5.2.1. | B14: Belanja Barang dan Perlengkapan | J14: =J15+J52 -> 41290000
A15: 5.1.1.01. | C15: Belanja Alat Tulis Kantor dan Benda Pos | J15: =SUM(J16:J50) -> 30790000
C16: 01 | D16: Kertas HVS A4 | E16: ADD | G16: 50 | H16: Rim | I16: 65000 | J16: =I16*G16 -> 3250000
C17: 02 | D17: Kertas HVS F4 | E17: ADD | G17: 100 | H17: Rim | I17: 75000 | J17: =I17*G17 -> 7500000
C18: 03 | D18: Tinta Printer | E18: ADD | G18: 10 | H18: Pkt | I18: 500000 | J18: =I18*G18 -> 5000000
C19: 04 | D19: Map L | E19: ADD | G19: 25 | H19: Pak | I19: 25000 | J19: =I19*G19 -> 625000
C20: 05 | D20: Map Kancing | E20: ADD | G20: 15 | H20: Pak | I20: 35000 | J20: =I20*G20 -> 525000
C21: 06 | D21: Map Kertas | E21: ADD | G21: 250 | H21: Bh | I21: 10000 | J21: =I21*G21 -> 2500000
C22: 07 | D22: Bulpoint | E22: ADD | G22: 30 | H22: Pak | I22: 35000 | J22: =I22*G22 -> 1050000
C23: 08 | D23: Spidol | E23: ADD | G23: 1 | H23: Pak | I23: 95000 | J23: =I23*G23 -> 95000
C24: 09 | D24: Tinta Stampel | E24: ADD | G24: 5 | H24: Bh | I24: 35000 | J24: =I24*G24 -> 175000
C25: 10 | D25: Bak Stampel | E25: ADD | G25: 5 | H25: Bh | I25: 15000 | J25: =I25*G25 -> 75000
C26: 11 | D26: Stapler | E26: ADD | G26: 20 | H26: Bh | I26: 25000 | J26: =I26*G26 -> 500000
C27: 12 | D27: Isi Stapler | E27: ADD | G27: 10 | H27: Box | I27: 35000 | J27: =I27*G27 -> 350000
... C50: 35 | D50: Meja Dada | E50: ADD | G50: 10 | H50: Bh | I50: 20000 | J50: =I50*G50 -> 200000
B51: Belanja Pakaian Dinas | J51: =J52 -> 10500000
A52: 5.1.1.01. | C52: Belanja Pakaian Dinas/Seragam/Atribut | J52: =SUM(J53:J56) -> 10500000
C53: 01 | D53: Topi Dinas | E53: ADD | G53: 15 | H53: Bh | I53: 100000 | J53: =I53*G53 -> 1500000 | L53: =J82-J74 -> 136090000
C54: 02 | D54: Atribut Lainnya | E54: ADD | G54: 15 | H54: Bh | I54: 100000 | J54: =I54*G54 -> 1500000
C55: 03 | D55: Jaket Dinas | E55: ADD | G55: 15 | H55: Bh | I55: 300000 | J55: =I55*G55 -> 4500000
C56: 04 | D56: Seragam PDH | E56: ADD | G56: 15 | H56: Bh | I56: 200000 | J56: =I56*G56 -> 3000000
A57: 5.2.1. | B57: Belanja Konsumsi | J57: =J58 -> 15000000
A58: 5.2.1.06. | C58: Belanja Makan dan Minum | J58: =SUM(J59:J59) -> 15000000
C59: 01 | D59: Konsumsi (Kotak/Prasmanan/Minum) | E59: ADD | G59: 600 | H59: Porsi | I59: 25000 | J59: =I59*G59 -> 15000000
A60: 5.2.2. | B60: Belanja Jasa Honorarium | J60: =J61 -> 34200000 | L60: Dasar Hukum: Peraturan Bupati Malang Nomor 130 tentang Standar Biaya Umum Desa Tahun 2024, dalam Lampiran angka 1, Huruf A
A61: 5.2.2.06 | C61: Belanja Jasa Honorarium PKPKD dan PPKD | J61: =SUM(J62:J65) -> 34200000
C62: 01 | D62: PKPKD | E62: ADD | G62: 12 | H62: OB | I62: 600000 | J62: =I62*G62 -> 7200000
C63: 02 | D63: Koordinator PPKD | E63: ADD | G63: 12 | H63: OB | I63: 400000 | J63: =I63*G63 -> 4800000
C64: 03 | D64: Bendahara Desa | E64: ADD | G64: 12 | H64: OB | I64: 350000 | J64: =I64*G64 -> 4200000
C65: 04 | D65: Pelaksana Kegiatan | E65: ADD | G65: 60 | H65: OB | I65: 300000 | J65: =I65*G65 -> 18000000
A66: 5.2.2. | B66: Belanja Jasa Honorarium | J66: =J67 -> 24000000
A67: 5.2.2.05. | C67: Belanja Jasa Honorarium Petugas | J67: =SUM(J68:J69) -> 24000000 | L67: Dasar Hukum: Peraturan Bupati Malang Nomor 130 tentang Standar Biaya Umum Desa Tahun 2024, dalam Lampiran angka 2, Huruf B, C, D
C68: 01 | D68: Petugas Kebersihan Desa | E68: ADD | G68: 12 | H68: OB | I68: 1000000 | J68: =I68*G68 -> 12000000
C69: 02 | D69: Honor Operator Desa | E69: ADD | G69: 12 | H69: OB | I69: 1000000 | J69: =I69*G69 -> 12000000
A70: 5.2.3.96. | C70: Belanja Jasa Honorarium Tim Pelaksana Kegiatan | J70: =SUM(J71:J73) -> 21600000
C71: 01 | D71: Ketua | E71: DDS | G71: 12 | H71: OB | I71: 500000 | J71: =I71*G71 -> 6000000
C72: 02 | D72: Sekretaris | E72: DDS | G72: 12 | H72: OB | I72: 400000 | J72: =I72*G72 -> 4800000
C73: 03 | D73: Anggota | E73: DDS | G73: 36 | H73: OB | I73: 300000 | J73: =I73*G73 -> 10800000
A74: 5.2.5. | B74: Belanja Operasional Perkantoran | J74: =J75+J77 -> 28000000
A75: 5.2.5.01. | C75: Belanja Jasa Langganan Listrik | J75: =J76 -> 4800000 | L75: Dasar Hukum: Permendesa PDTT Nomor 7 Tahun 2023 tentang Prioritas Penggunaan Dana Desa, BAB II, angka 2, huruf e
C76: 01 | D76: Listrik Kantor Desa | E76: ADD | G76: 12 | H76: Bln | I76: 400000 | J76: =I76*G76 -> 4800000
A77: 5.2.5.99. | C77: Belanja Operasional Perkantoran Lainnya | J77: =SUM(J78:J81) -> 23200000
C78: 01 | D78: Hosting Server | E78: DDS | G78: 1 | H78: Thn | I78: 6700000 | J78: =I78*G78 -> 6700000
C79: 02 | D79: Domain (pandanlandung.id) | E79: DDS | G79: 1 | H79: Thn | I79: 1500000 | J79: =I79*G79 -> 1500000
C80: 03 | D80: Maintenance | E80: DDS | G80: 12 | H80: Bln | I80: 500000 | J80: =I80*G80 -> 6000000
C81: 04 | D81: Wifi Kantor Desa | E81: DDS | G81: 12 | H81: Bln | I81: 750000 | J81: =I81*G81 -> 9000000
B82: JUMLAH (Rp) | J82: =J13 -> 164090000
G84: Pandanlandung, 29 November 2025
A85: Pj. Kepala Desa Pandanlandung | G85: Pelaksana Kegiatan
A89: HARI SULISTIONO, S.AP | G89: NOVIA RAHAYU

Sheet BPD
A1: RENCANA ANGGARAN BIAYA (RAB)
A2: PEMERINTAH DESA PANDANLANDUNG | L2: Check Sum:
A3: TAHUN ANGGARAN 2026 | L3: ADD | M3: =J15 -> 58800000
L4: DDS | M4: 0
A5: Bidang | C5: : | D5: PENYELENGGARAAN PEMERINTAHAN DESA
A6: Kegiatan | C6: : | D6: Penyediaan Tunjangan BPD
A7: Waktu | C7: : | D7: 12 Bulan
A8: Output | C8: : | D8: Pembayaran Tunjangan BPD
A10: KODE | B10: U R A I A N | G10: RINCIAN
G11: VOLUME | I11: HARGA SATUAN | J11: JUMLAH (Rp)
A12: 1 | B12: 2 | G12: 3 | I12: 4 | J12: 5
A13: 5 | B13: BELANJA | J13: =J14 -> 58800000
A14: 5.1.4. | B14: Tunjangan Kedudukan BPD | J14: =J15 -> 58800000 | L14: Dasar Hukum: Peraturan Bupati Malang Nomor 202 Tahun 2022 tentang Pendapatan Kades, Perangkat Desa, Tunjangan BPD, dan Insentif Ketua RT dan Ketua RW (Pasal 11)
A15: 5.1.4.01 | C15: Tunjangan Kedudukan BPD | J15: =SUM(J16:J19) -> 58800000
C16: 01 | D16: Ketua | E16: ADD | G16: 12 | H16: OB | I16: 750000 | J16: =I16*G16 -> 9000000
C17: 02 | D17: Wakil Ketua | E17: ADD | G17: 12 | H17: OB | I17: 600000 | J17: =I17*G17 -> 7200000
C18: 03 | D18: Sekretaris | E18: ADD | G18: 12 | H18: OB | I18: 550000 | J18: =I18*G18 -> 6600000
C19: 04 | D19: Anggota | E19: ADD | G19: 72 | H19: OB | I19: 500000 | J19: =I19*G19 -> 36000000
B20: JUMLAH (Rp) | J20: =J13 -> 58800000
G22: Pandanlandung, 29 November 2025
A23: Pj. Kepala Desa Pandanlandung | G23: Pelaksana Kegiatan
A27: HARI SULISTIONO, S.AP | G27: NOVIA RAHAYU

Sheet OPS BPD
A1: RENCANA ANGGARAN BIAYA (RAB)
A2: PEMERINTAH DESA PANDANLANDUNG | L2: Check Sum:
A3: TAHUN ANGGARAN 2026 | L3: ADD | M3: =J17 -> 4000000
L4: DDS | M4: 0
A5: Bidang | C5: : | D5: PENYELENGGARAAN PEMERINTAHAN DESA
A6: Kegiatan | C6: : | D6: Penyediaan Operasional BPD (Rapat, ATK, Konsumsi, Pakaian Seragam, dll) | K6: rinci
A7: Waktu | C7: : | D7: 12 Bulan
A8: Output | C8: : | D8: Bantuan Operasional BPD
A10: KODE | B10: U R A I A N | G10: RINCIAN
G11: VOLUME | I11: HARGA SATUAN | J11: JUMLAH (Rp)
A12: 1 | B12: 2 | G12: 3 | I12: 4 | J12: 5
A13: 5 | B13: BELANJA | J13: =J14 -> 4000000 | L13: Dasar Hukum: Peraturan Bupati Malang Nomor 202 Tahun 2022 tentang Pendapatan Kades, Perangkat Desa, Tunjangan BPD, dan Insentif Ketua RT dan Ketua RW (Pasal 11, ayat (8))
A14: 1.01.06 | B14: Bantuan Operasional BPD | J14: =J15 -> 4000000
A15: 5.2.5 | C15: Belanja Operasional Perkantoran | J15: =SUM(J16:J16) -> 4000000
C16: 01 | D16: Operasional BPD | E16: ADD | G16: 1 | H16: LS | I16: 4000000 | J16: =I16*G16 -> 4000000
B17: JUMLAH (Rp) | J17: =J13 -> 4000000
G19: Pandanlandung, 29 November 2025
A20: Pj. Kepala Desa Pandanlandung | G20: Pelaksana Kegiatan
A24: HARI SULISTIONO, S.AP | G24: NOVIA RAHAYU

Sheet RT RW
A1: RENCANA ANGGARAN BIAYA (RAB)
A2: PEMERINTAH DESA PANDANLANDUNG | L2: Check Sum:
A3: TAHUN ANGGARAN 2026 | L3: ADD | M3: =J18 -> 143940000
L4: DDS | M4: 0
A5: Bidang | C5: : | D5: PENYELENGGARAAN PEMERINTAHAN DESA
A6: Kegiatan | C6: : | D6: Penyediaan Insentif / Operasional RT/RW
A7: Waktu | C7: : | D7: 12 Bulan
A8: Output | C8: : | D8: Insentif RT dan RW
A10: KODE | B10: U R A I A N | G10: RINCIAN
G11: VOLUME | I11: HARGA SATUAN | J11: JUMLAH (Rp)
A12: 1 | B12: 2 | G12: 3 | I12: 4 | J12: 5
A13: 5 | B13: BELANJA | J13: =J14 -> 143940000 | L13: Dasar Hukum: Peraturan Bupati Malang Nomor 202 Tahun 2022 tentang Pendapatan Kades, Perangkat Desa, Tunjangan BPD, dan Insentif Ketua RT dan Ketua RW (Pasal 12)
A14: 5.2.5. | B14: Belanja Operasional RT RW | J14: =J15 -> 143940000
A15: 5.2.5.08. | C15: Belanja Operasional RT/RW | J15: =SUM(J16:J17) -> 143940000
C16: 01 | D16: Insentif Ketua RW (7 Org x 12 Bulan) | E16: ADD | G16: 84 | H16: OB | I16: 275000 | J16: =I16*G16 -> 23100000
C17: 02 | D17: Insentif Ketua RT (38 Org x 12 Bulan) | E17: ADD | G17: 456 | H17: OB | I17: 265000 | J17: =I17*G17 -> 120840000
B18: JUMLAH (Rp) | J18: =J13 -> 143940000
G20: Pandanlandung, 29 November 2025
A21: Pj. Kepala Desa Pandanlandung | G21: Pelaksana Kegiatan
A25: HARI SULISTIONO, S.AP | G25: CAHYA DWI ANANTA

Sheet OPS PEMDES 3%
A1: RENCANA ANGGARAN BIAYA (RAB)
A2: PEMERINTAH DESA PANDANLANDUNG | L2: Check Sum:
A3: TAHUN ANGGARAN 2026 | L3: ADD | M3: 0
L4: DDS | M4: =SUM(J16:J27) -> 38129000
A5: Bidang | C5: : | D5: PENYELENGGARAAN PEMERINTAHAN DESA
A6: Kegiatan | C6: : | D6: Penyediaan Operasional Pemerintah Desa yang bersumber dari Dana Desa
A7: Waktu | C7: : | D7: 12 Bulan
A8: Output | C8: : | D8: Operasional Pemdes 3% dari Dana Desa
A10: KODE | B10: U R A I A N | G10: RINCIAN
G11: VOLUME | I11: HARGA SATUAN | J11: JUMLAH (Rp)
A12: 1 | B12: 2 | G12: 3 | I12: 4 | J12: 5
A13: 5 | B13: BELANJA | J13: =J14 -> 38129000
A14: 1.01.08 | B14: Dukungan Kegiatan Seremonial Desa | J14: =J15 -> 38129000
A15: 5.2.1.99. | C15: Belanja Barang dan Perlengkapan lainnya | J15: =SUM(J16:J27) -> 38129000
C16: 01 | D16: Sewa Terop Riging | E16: DDS | G16: 1 | H16: Unit | I16: 2000000 | J16: =I16*G16 -> 2000000 | O16: =SUM(O17:O36,O39) -> 4129000
C17: 02 | D17: Sewa Sound System | E17: DDS | G17: 1 | H17: Pkt | I17: 6000000 | J17: =I17*G17 -> 6000000 | L17: Piring Makan | M17: 200 | N17: 3000 | O17: =N17*M17 -> 600000
C18: 03 | D18: Dekorasi | E18: DDS | G18: 1 | H18: Pkt | I18: 3000000 | J18: =I18*G18 -> 3000000 | L18: Sendok | M18: 200 | N18: 2000 | O18: =N18*M18 -> 400000
C19: 04 | D19: Publikasi | E19: DDS | G19: 1 | H19: Pkt | I19: 2000000 | J19: =I19*G19 -> 2000000 | L19: Piring Rampatan | M19: 20 | N19: 10000 | O19: =N19*M19 -> 200000
C20: 05 | D20: Panggung 4x10 | E20: DDS | G20: 1 | H20: Unit | I20: 2500000 | J20: =I20*G20 -> 2500000 | L20: Mangkok Es | M20: 200 | N20: 2000 | O20: =N20*M20 -> 400000
C21: 06 | D21: Sewa Kursi VIP | E21: DDS | G21: 1000 | H21: Bh | I21: 7000 | J21: =I21*G21 -> 7000000 | L21: Sendok Es | M21: 200 | N21: 1000 | O21: =N21*M21 -> 200000
C22: 07 | D22: Lighting | E22: DDS | G22: 1 | H22: Pkt | I22: 5000000 | J22: =I22*G22 -> 5000000 | L22: Mangkok Es Besar | M22: 2 | N22: 35000 | O22: =N22*M22 -> 70000
C23: 08 | D23: Konsumsi Pembentukan Panitia | E23: DDS | G23: 80 | H23: Org | I23: 25000 | J23: =I23*G23 -> 2000000 | L23: Food Warmer Kotak | M23: 4 | N23: 45000 | O23: =N23*M23 -> 180000
C24: 09 | D24: Sewa Kursi VVIP | E24: DDS | G24: 10 | H24: Bh | I24: 250000 | J24: =I24*G24 -> 2500000 | L24: Food Warmer Bulat | M24: 4 | N24: 45000 | O24: =N24*M24 -> 180000
C25: 10 | D25: Konsumsi Rakor Panitia 2x | E25: DDS | G25: 80 | H25: Org | I25: 25000 | J25: =I25*G25 -> 2000000 | L25: Kompor Joss | M25: 5 | N25: 75000 | O25: =N25*M25 -> 375000
C26: 11 | D26: ATK | E26: DDS | G26: 1 | H26: Pkt | I26: 129000 | J26: =I26*G26 -> 129000 | L26: Kompor Gas | M26: 10 | N26: 45000 | O26: =N26*M26 -> 450000
C27: 12 | D27: Sewa Peralatan Makan | E27: DDS | G27: 1 | H27: Pkt | I27: 4000000 | J27: =I27*G27 -> 4000000 | L27: Dandang 5Kg | M27: 2 | N27: 35000 | O27: =N27*M27 -> 70000
B28: JUMLAH (Rp) | J28: =J13 -> 38129000 | L28: Meja Prasmanan Panjang | M28: 3 | N28: 75000 | O28: =N28*M28 -> 225000
L29: Meja Es Bulat | M29: 1 | N29: 55000 | O29: =N29*M29 -> 55000
G30: Pandanlandung, 29 November 2025 | L30: Tremos Kopi | M30: 4 | N30: 35000 | O30: =N30*M30 -> 140000
A31: Pj. Kepala Desa Pandanlandung | G31: Pelaksana Kegiatan | L31: Tremos Nasi | M31: 4 | N31: 35000 | O31: =N31*M31 -> 140000
L32: Panci Besar | M32: 2 | N32: 35000 | O32: =N32*M32 -> 70000
L33: Panci Sedang | M33: 1 | N33: 30000 | O33: =N33*M33 -> 30000
L34: Centong Nasi | M34: 5 | N34: 15000 | O34: =N34*M34 -> 75000
A35: HARI SULISTIONO, S.AP | G35: CAHYA DWI ANANTA
L36: Termos Es | M36: 4 | N36: 35000 | O36: =N36*M36 -> 140000
O37: =N37*M37 -> 0
O38: =N38*M38 -> 0
K39: AtK | O39: =SUM(O40:O46) -> 129000
L40: Id Card | M40: 43 | N40: 3000 | O40: =N40*M40 -> 129000
O42: =N42*M42 -> 0

Sheet SARPRAS KANTOR DESA
A1: RENCANA ANGGARAN BIAYA (RAB)
A2: PEMERINTAH DESA PANDANLANDUNG | L2: Check Sum:
A3: TAHUN ANGGARAN 2026 | L3: PBH | M3: =J15+J17+J22+J25+J37 -> 147145000
L4: DDS | M4: 0
A5: Bidang | C5: : | D5: PENYELENGGARAAN PEMERINTAHAN DESA | L5: ADD | M5: =J30+J34+J39 -> 28050000
A6: Kegiatan | C6: : | D6: Penyediaan Sarana (Aset Tetap) Perkantoran/Pemerintahan
A7: Waktu | C7: : | D7: 12 Bulan
A8: Output | C8: : | D8: Sarana dan Prasarana Kantor Desa
A10: KODE | B10: U R A I A N | G10: RINCIAN
G11: VOLUME | I11: HARGA SATUAN | J11: JUMLAH (Rp)
A12: 1 | B12: 2 | G12: 3 | I12: 4 | J12: 5
A13: 5 | B13: BELANJA | J13: =J14+J29+J34+J36+J39 -> 175195000
A14: 1.02.03. | B14: Belanja Modal Lainnya | J14: =J15+J17+J22+J25 -> 124645000
A15: 5.2.1.02 | C15: Belanja Peralatan Listrik | J15: =SUM(J16:J16) -> 3400000
C16: 01 | D16: HDMI Wireless | E16: PBH | G16: 2 | H16: Bh | I16: 1700000 | J16: =I16*G16 -> 3400000
A17: 5.2.1.03 | C17: Belanja Perlengkapan Alat rumah Tangga | J17: =SUM(J18:J21) -> 1530000
C18: 01 | D18: Selang Air | E18: PBH | G18: 50 | H18: M | I18: 25000 | J18: =I18*G18 -> 1250000
C19: 02 | D19: Sapu Atap | E19: PBH | G19: 2 | H19: Bh | I19: 40000 | J19: =I19*G19 -> 80000
C20: 03 | D20: Pengki | E20: PBH | G20: 2 | H20: Bh | I20: 30000 | J20: =I20*G20 -> 60000
C21: 04 | D21: Pel Lantai | E21: PBH | G21: 2 | H21: Bh | I21: 70000 | J21: =I21*G21 -> 140000
A22: 5.2.1.04 | C22: Belanja Modal Peralatan Elektronik dan Alat Studio | J22: =SUM(J23:J24) -> 116765000
C23: 01 | D23: Video Trond | E23: PBH | G23: 1 | H23: Unit | I23: 110250000 | J23: =I23*G23 -> 110250000
C24: 02 | D24: Sound System Gantung | E24: PBH | G24: 1 | H24: Pkt | I24: 6515000 | J24: =I24*G24 -> 6515000
A25: 5.2.1.05 | C25: Belanja Modal Peralatan Dapur | J25: =SUM(J26:J28) -> 2950000
C26: 01 | D26: Gelas | E26: PBH | G26: 5 | H26: Set | I26: 150000 | J26: =I26*G26 -> 750000
C27: 02 | D27: Piring | E27: PBH | G27: 100 | H27: Bh | I27: 17000 | J27: =I27*G27 -> 1700000
C28: 03 | D28: Sendok | E28: PBH | G28: 100 | H28: Bh | I28: 5000 | J28: =I28*G28 -> 500000
B29: Belanja Modal Laptop Kantor | J29: =SUM(J30) -> 26500000
A30: 5.3.2.03 | C30: Belanja Modal Peralatan Komputer | J30: =SUM(J31:J32) -> 26500000
C31: 01 | D31: Komputer | E31: ADD | G31: 2 | H31: Unit | I31: 8000000 | J31: =I31*G31 -> 16000000
C32: 02 | D32: Printer | E32: ADD | G32: 3 | H32: Unit | I32: 3500000 | J32: =I32*G32 -> 10500000
B33: Belanja Mebelair Kantor
A34: 5.3.2.04 | C34: Belanja Modal Peralatan Mebelai dan aksesoris | J34: =SUM(J35:J35) -> 600000
C35: 01 | D35: Rak Kertas | E35: ADD | G35: 2 | H35: Unit | I35: 300000 | J35: =I35*G35 -> 600000
B36: Belanja Mebelair Kantor | J36: =SUM(J37) -> 22500000
A37: 5.3.2.05 | C37: Belanja Modal Peralatan Mebelair dan aksesoris | J37: =SUM(J38) -> 22500000
C38: 01 | D38: Kitchen Set | E38: PBH | G38: 1 | H38: Unit | I38: 22500000 | J38: =I38*G38 -> 22500000
B39: Belanja Modal Lainnya | J39: =J40 -> 950000
A40: 5.2.1.02 | C40: Belanja Peralatan Listrik | J40: =SUM(J41:J42) -> 950000
C41: 01 | D41: Lampu Kantor | E41: ADD | G41: 10 | H41: Bh | I41: 70000 | J41: =I41*G41 -> 700000
C42: 02 | D42: Fitting Lampu | E42: ADD | G42: 10 | H42: Bh | I42: 25000 | J42: =I42*G42 -> 250000
B43: JUMLAH (Rp) | J43: =J13 -> 175195000
G45: Pandanlandung, 29 November 2025
A46: Pj. Kepala Desa Pandanlandung | G46: Pelaksana Kegiatan
A50: HARI SULISTIONO, S.AP | G50: CAHYA DWI ANANTA

Sheet SUN RKP
A1: RENCANA ANGGARAN BIAYA (RAB)
A2: PEMERINTAH DESA PANDANLANDUNG | L2: Check Sum:
A3: TAHUN ANGGARAN 2026 | L3: PBH | M3: 0
L4: DDS | M4: =J13 -> 2705000
A5: Bidang | C5: : | D5: PENYELENGGARAAN PEMERINTAHAN DESA
A6: Kegiatan | C6: : | D6: Penyusunan Dokumen Perencanaan Desa dan Keuangan Desa (RPJMDes, RKPDes)
A7: Waktu | C7: : | D7: 12 Bulan
A8: Output | C8: : | D8: Penyusunan RKPDes dan APBDesa
A10: KODE | B10: U R A I A N | G10: RINCIAN
G11: VOLUME | I11: HARGA SATUAN | J11: JUMLAH (Rp)
A12: 1 | B12: 2 | G12: 3 | I12: 4 | J12: 5
A13: 5 | B13: BELANJA | J13: =J14 -> 2705000
A14: 1.04.02. | B14: Penyelenggaraan Musdes RKPDesa | J14: =J15+J25+J22 -> 2705000
A15: 5.2.1. | B15: Belanja Barang dan Perlengkapan | J15: =J16 -> 975000 | L15: Dasar Hukum: Permendesa PDTT Nomor 7 Tahun 2023 tentang Prioritas Penggunaan Dana Desa, dalam Pasal 6 huruf b
A16: 5.1.1.01. | C16: Belanja Alat Tulis Kantor dan Benda Pos | J16: =SUM(J17:J21) -> 975000
C17: 01 | D17: Bulpoint | E17: DDS | G17: 1 | H17: Pak | I17: 30000 | J17: =I17*G17 -> 30000
C18: 02 | D18: Kertas HVS F4 | E18: DDS | G18: 1 | H18: RIM | I18: 65000 | J18: =I18*G18 -> 65000
C19: 03 | D19: Pilox | E19: DDS | G19: 4 | H19: Bh | I19: 35000 | J19: =I19*G19 -> 140000
C20: 04 | D20: Meteran | E20: DDS | G20: 1 | H20: Bh | I20: 500000 | J20: =I20*G20 -> 500000
C21: 05 | D21: Cetak Banner 2x3 m | E21: DDS | G21: 2 | H21: Bh | I21: 120000 | J21: =I21*G21 -> 240000
B22: Belanja Sewa Peralatan Lainnya | J22: =J23 -> 280000
C23: Belanja Sewa Perlengkapan | J23: =SUM(J24:J24) -> 280000
C24: 01 | D24: Sewa Kursi Susun | E24: DDS | G24: 40 | H24: Unit | I24: 7000 | J24: =I24*G24 -> 280000
A25: 5.2.2. | B25: Belanja Jasa Honorarium | J25: =J26 -> 1450000
A26: 5.2.3.96. | C26: Belanja Jasa Honorarium Panitia Pelaksana Kegiatan | J26: =SUM(J27:J32) -> 1450000 | L26: Dasar Hukum: Peraturan Bupati Malang Nomor 184 Tahun 2024 tentang Standar Biaya Umum Desa Tahun 2025, lampiran angka 1 huruf m, n
C27: 01 | D27: Ketua Tim Verifikasi | E27: DDS | G27: 1 | H27: OB | I27: 200000 | J27: =I27*G27 -> 200000
C28: 02 | D28: Sekretaris Tim Verifikasi | E28: DDS | G28: 1 | H28: OB | I28: 150000 | J28: =I28*G28 -> 150000
C29: 03 | D29: Anggota Tim Verifikasi | E29: DDS | G29: 3 | H29: OB | I29: 100000 | J29: =I29*G29 -> 300000
C30: 04 | D30: Ketua Tim Penyusun | E30: DDS | G30: 1 | H30: OB | I30: 200000 | J30: =I30*G30 -> 200000
C31: 05 | D31: Sekretaris Tim Penyusun | E31: DDS | G31: 1 | H31: OB | I31: 100000 | J31: =I31*G31 -> 100000
C32: 06 | D32: Anggota Tim Penyusun | E32: DDS | G32: 5 | H32: OB | I32: 100000 | J32: =I32*G32 -> 500000
B33: JUMLAH (Rp) | J33: =J13 -> 2705000
G35: Pandanlandung, 29 November 2025
A36: Pj. Kepala Desa Pandanlandung | G36: Pelaksana Kegiatan
A40: HARI SULISTIONO, S.AP | G40: CAHYA DWI ANANTA

Sheet Sun APBDes
A1: RENCANA ANGGARAN BIAYA (RAB)
A2: PEMERINTAH DESA PANDANLANDUNG | L2: Check Sum:
A3: TAHUN ANGGARAN 2026 | L3: PBH | M3: 0
L4: DDS | M4: =J13 -> 4430000
A5: Bidang | C5: : | D5: PENYELENGGARAAN PEMERINTAHAN DESA
A6: Kegiatan | C6: : | D6: Penyelenggaan Musyawarah Perencanaan Desa APBDes (Reguler)
A7: Waktu | C7: : | D7: 12 Bulan
A8: Output | C8: : | D8: Musyawarah Desa Reguler
A10: KODE | B10: U R A I A N | G10: RINCIAN
G11: VOLUME | I11: HARGA SATUAN | J11: JUMLAH (Rp)
A12: 1 | B12: 2 | G12: 3 | I12: 4 | J12: 5
A13: 5 | B13: BELANJA | J13: =J14 -> 4430000
A14: 1.04.08. | B14: Penyelenggaraan Musdes APBDesa | J14: =J19+J15 -> 4430000
B15: Belanja Barang dan Perlengkapan | J15: =J16 -> 180000 | L15: Dasar Hukum: Permendesa PDTT Nomor 7 Tahun 2023 tentang Prioritas Penggunaan Dana Desa, dalam Pasal 6 huruf b
C16: Belanja Alat Tulis Kantor dan Benda Pos | J16: =SUM(J17:J18) -> 180000
C17: 01 | D17: Cetak Banner 2x3 m | E17: DDS | G17: 1 | H17: Bh | I17: 120000 | J17: =I17*G17 -> 120000
C18: 02 | D18: Bulpoint | E18: DDS | G18: 2 | H18: Pak | I18: 30000 | J18: =I18*G18 -> 60000
A19: 5.2.1. | B19: Belanja Konsumsi | J19: =J20 -> 4250000
A20: 5.2.1.06. | C20: Belanja Makan dan Minum | J20: =SUM(J21:J22) -> 4250000
C21: 01 | D21: Konsumsi Musdes APBDesa | E21: DDS | G21: 85 | H21: Porsi | I21: 25000 | J21: =I21*G21 -> 2125000
C22: 02 | D22: Konsumsi Musdes Penetapan APBDesa | E22: DDS | G22: 85 | H22: Porsi | I22: 25000 | J22: =I22*G22 -> 2125000
B23: JUMLAH (Rp) | J23: =J13 -> 4430000
G25: Pandanlandung, 29 November 2025
A26: Pj. Kepala Desa Pandanlandung | G26: Pelaksana Kegiatan
A30: HARI SULISTIONO, S.AP | G30: CAHYA DWI ANANTA

Sheet NONREGULER
A1: RENCANA ANGGARAN BIAYA (RAB)
A2: PEMERINTAH DESA PANDANLANDUNG | L2: Check Sum:
A3: TAHUN ANGGARAN 2026 | L3: PAD | M3: =J13 -> 2000000
L4: DDS | M4: =0 -> 0
A5: Bidang | C5: : | D5: PENYELENGGARAAN PEMERINTAHAN DESA
A6: Kegiatan | C6: : | D6: Penyelenggaraan Musyawarah Desa Lainnya (Musdus, Rembug Desa Non Reguler)
A7: Waktu | C7: : | D7: 12 Bulan
A8: Output | C8: : | D8: Penyelenggaraan Musyawarah Desa Non Reguler
A10: KODE | B10: U R A I A N | G10: RINCIAN
G11: VOLUME | I11: HARGA SATUAN | J11: JUMLAH (Rp)
A12: 1 | B12: 2 | G12: 3 | I12: 4 | J12: 5
A13: 5 | B13: BELANJA | J13: =J15+J21 -> 2000000
A14: 1.04.02. | B14: Penyelenggaraan Musdes Penggalian Aspirasi
A15: 5.2.1. | B15: Belanja Barang dan Perlengkapan | J15: =J16 -> 500000
A16: 5.1.1.01. | C16: Belanja Alat Tulis Kantor dan Benda Pos | J16: =SUM(J17:J20) -> 500000 | L16: Memfasilitasi rembug di Desa seperti: Musyawarah Panitia Bersih Desa, HUT RI, Rapat LKD, Penggalian aspirasi sebagai bahan penyusunan regulasi desa.
C17: 01 | D17: Map L | E17: PAD | G17: 2 | H17: Pak | I17: 25000 | J17: =I17*G17 -> 50000
C18: 02 | D18: Bulpoint | E18: PAD | G18: 7 | H18: Pak | I18: 35000 | J18: =I18*G18 -> 245000
C19: 03 | D19: Kertas HVS F4 | E19: PAD | G19: 2 | H19: Rim | I19: 65000 | J19: =I19*G19 -> 130000
C20: 04 | D20: Tape X | E20: PAD | G20: 10 | H20: Bh | I20: 7500 | J20: =I20*G20 -> 75000
A21: 5.2.1. | B21: Belanja Konsumsi | J21: =J22 -> 1500000
A22: 5.2.1.06. | C22: Belanja Makan dan Minum | J22: =SUM(J23:J23) -> 1500000
C23: 01 | D23: Konsumsi | E23: PAD | G23: 60 | H23: porsi | I23: 25000 | J23: =I23*G23 -> 1500000
B24: JUMLAH (Rp) | J24: =J13 -> 2000000
G26: Pandanlandung, 29 November 2025
A27: Pj. Kepala Desa Pandanlandung | G27: Pelaksana Kegiatan
A31: HARI SULISTIONO, S.AP | G31: CAHYA DWI ANANTA

Sheet SUN KEBIJAKAN DESA
A1: RENCANA ANGGARAN BIAYA (RAB)
A2: PEMERINTAH DESA PANDANLANDUNG
A3: TAHUN ANGGARAN 2026
A5: Bidang | C5: : | D5: PENYELENGGARAAN PEMERINTAHAN DESA | L5: Check Sum:
A6: Kegiatan | C6: : | D6: Penyusunan Kebijakan Desa (Peraturan Desa, Peraturan Kepala Desa, selain RKPDes dan APBDes) | L6: DLL | M6: 0
A7: Waktu | C7: : | D7: 12 Bulan | L7: PBH | M7: =J13 -> 500000
A8: Output | C8: : | D8: Penyusunan Peraturan di Desa (Non Reguler)
A10: KODE | B10: U R A I A N | G10: RINCIAN
G11: VOLUME | I11: HARGA SATUAN | J11: JUMLAH (Rp)
A12: 1 | B12: 2 | G12: 3 | I12: 4 | J12: 5
A13: 5 | B13: BELANJA | J13: =J15 -> 500000
A14: 1.04.06. | B14: Bantuan Operasional Penyusunan Draf Kebijakan Desa
A15: 5.2.1. | B15: Belanja Barang dan Perlengkapan | J15: =J16 -> 500000
A16: 5.1.1.01. | C16: Belanja Alat Tulis Kantor dan Benda Pos | J16: =SUM(J17:J20,L16) -> 500000 | L16: Penyusunan dan Penetapan Peraturan Desa seperti: Perdes Lingkungan Hidup, BUMDesa, dll
C17: 01 | D17: Map L | E17: PBH | G17: 2 | H17: Pak | I17: 25000 | J17: =I17*G17 -> 50000
C18: 02 | D18: Bulpoint | E18: PBH | G18: 7 | H18: Pak | I18: 35000 | J18: =I18*G18 -> 245000
C19: 03 | D19: Kertas HVS F4 | E19: PBH | G19: 2 | H19: Rim | I19: 65000 | J19: =I19*G19 -> 130000
C20: 04 | D20: Tipe x | E20: PBH | G20: 10 | H20: Bh | I20: 7500 | J20: =I20*G20 -> 75000
B21: JUMLAH (Rp) | J21: =J13 -> 500000
G23: Pandanlandung, 29 November 2025
A24: Pj. Kepala Desa Pandanlandung | G24: Pelaksana Kegiatan
A28: HARI SULISTIONO, S.AP | G28: CAHYA DWI ANANTA

Sheet SPPT PBB
A1: RENCANA ANGGARAN BIAYA (RAB)
A2: PEMERINTAH DESA PANDANLANDUNG | L2: Check Sum:
A3: TAHUN ANGGARAN 2026 | L3: DLL | M3: 0
L4: PBH | M4: =J16+J17 -> 20330000
A5: Bidang | C5: : | D5: PENYELENGGARAAN PEMERINTAHAN DESA
A6: Kegiatan | C6: : | D6: Administrasi Pajak Bumi dan Bangunan (PBB)
A7: Waktu | C7: : | D7: 12 Bulan
A8: Output | C8: : | D8: Insentif Petugas Penyampaian dan Penagihan SPPT PBB
A10: KODE | B10: U R A I A N | G10: RINCIAN
G11: VOLUME | I11: HARGA SATUAN | J11: JUMLAH (Rp)
A12: 1 | B12: 2 | G12: 3 | I12: 4 | J12: 5
A13: 5 | B13: BELANJA | J13: =J14 -> 20330000
A14: 5.2.2. | B14: Belanja Jasa Honorarium | J14: =J15 -> 20330000 | L14: Dasar Hukum: Peraturan Bupati Malang Nomor 130 tentang Standar Biaya Umum Desa Tahun 2024, dalam Lampiran angka 6
A15: 5.2.2.99. | C15: Belanja Jasa Honorarium Lainnya | J15: =SUM(J16:J17) -> 20330000
C16: 01 | D16: Jasa Penyampaian SPPT PBB | E16: PBH | G16: 4066 | H16: Lbr | I16: 2000 | J16: =I16*G16 -> 8132000
C17: 02 | D17: Jasa Penagihan SPPT PBB | E17: PBH | G17: 4066 | H17: Lbr | I17: 3000 | J17: =I17*G17 -> 12198000
B18: JUMLAH (Rp) | J18: =J13 -> 20330000 | L18: Besaran upah penyampaian, 2.000 per lembar, dan Penagihan 3.000 per lembar
G20: Pandanlandung, 29 November 2025
A21: Pj. Kepala Desa Pandanlandung | G21: Pelaksana Kegiatan
A25: HARI SULISTIONO, S.AP | G25: CAHYA DWI ANANTA

Sheet OPERASIONAL PAJAK
A1: RENCANA ANGGARAN BIAYA (RAB)
A2: PEMERINTAH DESA PANDANLANDUNG | L2: Check Sum:
A3: TAHUN ANGGARAN 2026 | L3: DLL | M3: =J13 -> 2514000
L4: PBH
A5: Bidang | C5: : | D5: PENYELENGGARAAN PEMERINTAHAN DESA
A6: Kegiatan | C6: : | D6: Penyediaan Operasional Pemerintah Desa (Pajak)
A7: Waktu | C7: : | D7: 12 Bulan
A8: Output | C8: : | D8: Belanja Operasional Perkantoran
A10: KODE | B10: U R A I A N | G10: RINCIAN
G11: VOLUME | I11: HARGA SATUAN | J11: JUMLAH (Rp)
A12: 1 | B12: 2 | G12: 3 | I12: 4 | J12: 5
A13: 5 | B13: BELANJA | J13: =J14 -> 2514000
A14: 5.2.2. | B14: Belanja Operasional Perkantoran | J14: =J15+J18 -> 2514000 | L14: Dasar Hukum: Peraturan Bupati Malang Nomor 130 tentang Standar Biaya Umum Desa Tahun 2024, dalam Lampiran angka 6
A15: 5.2.2.99. | C15: Belanja Jasa Perpanjangan Ijin/Pajak | J15: =SUM(J16) -> 2214000
C16: 01 | D16: Pajak Atas Bunga Bank | E16: DLL | G16: 1 | H16: Tahun | I16: 2214000 | J16: =I16*G16 -> 2214000
C17: Belanja Operasional Perkantoran lainnya
C18: 01 | D18: Biaya Admin Bank | E18: DLL | G18: 1 | H18: Tahun | I18: 300000 | J18: =I18*G18 -> 300000
B19: JUMLAH (Rp) | J19: =J13 -> 2514000 | L19: Besaran upah penyampaian, 2.000 per lembar, dan Penagihan 3.000 per lembar
G21: Pandanlandung, 29 November 2025
A22: Pj. Kepala Desa Pandanlandung | G22: Pelaksana Kegiatan
A26: HARI SULISTIONO, S.AP | G26: CAHYA DWI ANANTA

Sheet PAUD TPQ
A1: RENCANA ANGGARAN BIAYA (RAB)
A2: PEMERINTAH DESA PANDANLANDUNG | L2: Check Sum:
A3: TAHUN ANGGARAN 2026 | L3: DDS | M3: =J17 -> 24000000
L4: PBH | M4: 0
A5: Bidang | C5: : | D5: PELAKSANAAN PEMBANGUNAN DESA
A6: Kegiatan | C6: : | D6: Penyelanggaraan PAUD.TPA/TKA/TPQ/Madrasah Non Formal Milik Desa (Honor, Pakaian, dll)
A7: Waktu | C7: : | D7: 12 Bulan
A8: Output | C8: : | D8: Honor/Insentif Guru TPQ dan PAUD
A10: KODE | B10: U R A I A N | G10: RINCIAN
G11: VOLUME | I11: HARGA SATUAN | J11: JUMLAH (Rp)
A12: 1 | B12: 2 | G12: 3 | I12: 4 | J12: 5
A13: 5 | B13: BELANJA | J13: =J15 -> 24000000
A14: 2.01.01 | B14: Bantuan Honor/Insentif Guru TPQ dan PAUD | L14: Dasar Hukum: Permendesa PDTT Nomor 13 Tahun 2023 tentang Petunjuk Operasional Penggunaan Dana Desa 2024, dalam Lampirannya, disebutkan dalam BAB II Huruf C angka 4, poin f dan Permendesa PDTT Nomor 7 Tahun 2023 BAB II Huruf A angka 2, poin f.
A15: 5.2.2. | B15: Belanja Jasa Honorarium | J15: =J16 -> 24000000
A16: 5.2.2.99. | C16: Belanja Jasa Honorarium Lainnya | J16: =SUM(J17:J17) -> 24000000
C17: 01 | D17: Insentif Guru Pengajar Ngaji/TPQ | E17: DDS | G17: 480 | H17: OB | I17: 50000 | J17: =I17*G17 -> 24000000
B18: JUMLAH (Rp) | J18: =J13 -> 24000000 | L18: Catatan: Perlu penetapan kriteria penerima, dan crosscheck data karena dimungkinkan dobel anggaran
G20: Pandanlandung, 29 November 2025
A21: Pj. Kepala Desa Pandanlandung | G21: Pelaksana Kegiatan
A25: HARI SULISTIONO, S.AP | G25: MOH IKHSAN

Sheet SARPRAS POSYANDU
A1: RENCANA ANGGARAN BIAYA (RAB) | L1: Check Sum:
A2: PEMERINTAH DESA PANDANLANDUNG | L2: DDS | M2: =J13 -> 3700000
A3: TAHUN ANGGARAN 2026 | L3: PBH | M3: 0
A5: Bidang | C5: : | D5: PELAKSANAAN PEMBANGUNAN DESA
A6: Kegiatan | C6: : | D6: Pengadaan Sarana dan Prasarana Posyandu
A7: Waktu | C7: : | D7: 12 Bulan
A8: Output | C8: : | D8: Sarana Prasarana Posyandu
A10: KODE | B10: U R A I A N | G10: RINCIAN
G11: VOLUME | I11: HARGA SATUAN | J11: JUMLAH (Rp)
A12: 1 | B12: 2 | G12: 3 | I12: 4 | J12: 5
A13: 5 | B13: BELANJA | J13: =J15 -> 3700000
B14: Sarpras Posyandu
B15: Belanja Modal | J15: =J16 -> 3700000
C16: Belanja Modal Lainnya | J16: 3700000
C17: 01 | D17: Meja | E17: DDS | G17: 2 | H17: Bh | I17: 350000 | J17: =I17*G17 -> 700000
C18: 02 | D18: Kursi | E18: DDS | G18: 25 | H18: Bh | I18: 120000 | J18: =I18*G18 -> 3000000
B19: JUMLAH (Rp) | J19: =J13 -> 3700000
G21: Pandanlandung, 29 November 2025
A22: Pj. Kepala Desa Pandanlandung | G22: Pelaksana Kegiatan
A26: HARI SULISTIONO, S.AP | G26: MOH IKHSAN

Sheet POSYANDU
A1: RENCANA ANGGARAN BIAYA (RAB)
A2: PEMERINTAH DESA PANDANLANDUNG | L2: Check Sum:
A3: TAHUN ANGGARAN 2024 | L3: DDS | M3: =J13 -> 67284000
L4: PBH | M4: 0
A5: Bidang | C5: : | D5: PELAKSANAAN PEMBANGUNAN DESA
A6: Kegiatan | C6: : | D6: Penyelenggaraan Posyandu (PMT, Kelas Ibu Hamil, Lansia, Insentif)
A7: Waktu | C7: : | D7: 12 Bulan
A8: Output | C8: : | D8: Penyelenggaraan Posyandu (PMT, Kelas Ibu Hamil, Lansia, Insentif)
A10: KODE | B10: U R A I A N | G10: RINCIAN
G11: VOLUME | I11: HARGA SATUAN | J11: JUMLAH (Rp)
A12: 1 | B12: 2 | G12: 3 | I12: 4 | J12: 5
A13: 5 | B13: BELANJA | J13: =J14+J24+J40+J46+J34+J38+J49 -> 67284000
A14: 2.02.02 | B14: PMT Balita | J14: =J15 -> 21000000
A15: 5.2.7. | B15: Belanja Barang dan Jasa yang diserahkan kepada Masyasyarakat | J15: =J16 -> 21000000
A16: 5.2.7.99. | C16: Belanja Barang dan Jasa untuk masyarakat lainnya | J16: =SUM(J17:J23) -> 21000000 | L16: Prioritas Nasional Dalam Pencegahan dan Penurunan Stunting
C17: 01 | D17: Pandan Barat I (50 x 12 Bulan) | E17: DDS | G17: 600 | H17: Org | I17: 5000 | J17: =I17*G17 -> 3000000
C18: 02 | D18: Pandan Barat II (50 x 12 Bulan) | E18: DDS | G18: 600 | H18: Org | I18: 5000 | J18: =I18*G18 -> 3000000
C19: 03 | D19: Pandan Timur I (50 x 12 Bulan) | E19: DDS | G19: 600 | H19: Org | I19: 5000 | J19: =I19*G19 -> 3000000
C20: 04 | D20: Pandan Timur II (50 x 12 Bulan) | E20: DDS | G20: 600 | H20: Org | I20: 5000 | J20: =I20*G20 -> 3000000
C21: 05 | D21: Pandan Selatan (50 x 12 Bulan) | E21: DDS | G21: 600 | H21: Org | I21: 5000 | J21: =I21*G21 -> 3000000
C22: 06 | D22: LPK (50 x 12 Bulan) | E22: DDS | G22: 600 | H22: Org | I22: 5000 | J22: =I22*G22 -> 3000000
C23: 07 | D23: POMURI (50 x 12 Bulan) | E23: DDS | G23: 600 | H23: Org | I23: 5000 | J23: =I23*G23 -> 3000000
A24: 2.02.02 | B24: PMT Lansia | J24: =J25 -> 21000000
A25: 5.2.7. | B25: Belanja Barang dan Jasa yang diserahkan kepada Masyasyarakat | J25: =J26 -> 21000000
A26: 5.2.7.99. | C26: Belanja Barang dan Jasa untuk masyarakat lainnya | J26: =SUM(J27:J33) -> 21000000
C27: 01 | D27: Pandan Barat 1 (50 x 12 Bulan) | E27: DDS | G27: 600 | H27: Org | I27: 5000 | J27: =I27*G27 -> 3000000
C28: 02 | D28: Pandan Barat 2 (50 x 12 Bulan) | E28: DDS | G28: 600 | H28: Org | I28: 5000 | J28: =I28*G28 -> 3000000
C29: 03 | D29: Pandan Timur 1 (50 x 12 Bulan) | E29: DDS | G29: 600 | H29: Org | I29: 5000 | J29: =I29*G29 -> 3000000
C30: 04 | D30: Pandan Timur 2 (50 x 12 Bulan) | E30: DDS | G30: 600 | H30: Org | I30: 5000 | J30: =I30*G30 -> 3000000
C31: 05 | D31: Pandan Selatan (50 x 12 Bulan) | E31: DDS | G31: 600 | H31: Org | I31: 5000 | J31: =I31*G31 -> 3000000
C32: 06 | D32: Sigromilir (50 x 12 Bulan) | E32: DDS | G32: 600 | H32: Org | I32: 5000 | J32: =I32*G32 -> 3000000 | L32: Belum RAB
C33: 07 | D33: Pomuri | E33: DDS | G33: 600 | H33: Org | I33: 5000 | J33: =I33*G33 -> 3000000 | L33: PMT BUMIL | M33: 200 x 12 | N33: 2400000
B34: PMT TBC | J34: =J35 -> 2100000
B35: Belanja Barang dan Jasa yang diserahkan kepada Masyasyarakat | J35: =J36 -> 2100000
C36: Belanja Barang dan Jasa untuk masyarakat lainnya | J36: =SUM(J37) -> 2100000
C37: 01 | D37: Pemberian Susu | E37: DDS | G37: 60 | H37: Dus | I37: 35000 | J37: =I37*G37 -> 2100000
B38: CEK KESEHATAN LANSIA | J38: =J39 -> 7992000
B39: Belanja Barang dan Jasa yang diserahkan kepada Masyasyarakat | J39: =J40 -> 7992000
C40: Belanja Barang dan Jasa untuk masyarakat lainnya | J40: =SUM(J41:J44) -> 7992000
C41: 01 | D41: Stick Asam Urat | E41: DDS | G41: 14 | H41: Box | I41: 110000 | J41: =I41*G41 -> 1540000
C42: 02 | D42: Stick Kolesterol | E42: DDS | G42: 35 | H42: Box | I42: 180000 | J42: =I42*G42 -> 6300000
C43: 03 | D43: Jarum Lancet | E43: DDS | G43: 4 | H43: Box | I43: 20000 | J43: =I43*G43 -> 80000
C44: 04 | D44: Alkohol Swab | E44: DDS | G44: 4 | H44: Box | I44: 18000 | J44: =I44*G44 -> 72000
B45: KELAS IBU HAMIL
C46: Belanja Konsumsi | J46: =SUM(J47) -> 2400000
C47: 01 | D47: Konsumsi | E47: DDS | G47: 240 | H47: Box | I47: 10000 | J47: =I47*G47 -> 2400000
B48: Belanja Insentif KPM
C49: Pemberian Insentif | E49: DDS | J49: =SUM(J50) -> 4800000
C50: 01 | D50: Insentif KPM | E50: DDS | G50: 24 | H50: OB | I50: 200000 | J50: =I50*G50 -> 4800000
B51: JUMLAH (Rp) | J51: =J13 -> 67284000
G53: Pandanlandung, 29 November 2025
A54: Pj. Kepala Desa Pandanlandung | G54: Pelaksana Kegiatan
A58: HARI SULISTIONO, S.AP | G58: MOH IKHSAN

Sheet RT 02 RW 01
A2: RENCANA ANGGARAN BIAYA | I2: Checksum
I3: DD | J3: =G45 -> 84804800
A4: Propinsi | C4: =[8]DATA!D13 -> : Jawa Timur | F4: No. RAB | G4: :
A5: Kabupaten | C5: =[8]DATA!D12 -> : Malang | F5: Program | G5: =[9]DATA!D26 -> : P3MD Kemendesa
A6: Kecamatan | C6: =[9]DATA!D11 -> : Wagir | F6: Jenis Kegiatan | G6: =[9]DATA!C35 -> : Drainase Beton
A7: Desa | C7: =[9]DATA!D10 -> : Pandanlandung | F7: Ukuran / Dimensi | G7: =[9]DATA!D35 -> : 85 m x 1,2 m x 1,2 m
A9: Uraian | D9: Volume | E9: Satuan | F9: Harga Satuan (Rp ) | G9: Jumlah ( Rp )
A11: BAHAN
A12: A | B12: Bahan Konstruksi (Belanja Modal) | G12: =SUM(G13:G22)+G23 -> 57300300
A13: 1 | B13: ='[9]HARGA SATUAN'!B11 -> Pasir Cor | D13: ='[9]ANALISA GG PLAT'!D65 -> 16 | E13: M3 | F13: ='[9]HARGA SATUAN'!N11 -> 287500 | G13: =D13*F13 -> 4600000
A14: =A13+1 -> 2 | B14: ='[9]ANALISA GG PLAT'!B64 -> Pasir Pasang | D14: ='[9]ANALISA GG PLAT'!D64 -> 5 | E14: M3 | F14: ='[9]HARGA SATUAN'!N8 -> 156900 | G14: =D14*F14 -> 784500
A15: =A14+1 -> 3 | B15: Batu Pecah 2/3 | D15: ='[9]ANALISA GG PLAT'!D66 -> 23 | E15: M3 | F15: ='[9]HARGA SATUAN'!N13 -> 261400 | G15: =D15*F15 -> 6012200
A16: =A15+1 -> 4 | B16: Semen 40 kg | D16: ='[9]ANALISA GG PLAT'!D67 -> 275 | E16: Zak | F16: ='[9]HARGA SATUAN'!N14 -> 75400 | G16: =D16*F16 -> 20735000
A17: =A16+1 -> 5 | B17: Besi D 8 mm SNI | D17: ='[9]ANALISA GG PLAT'!D69 -> 65 | E17: Btg | F17: ='[9]HARGA SATUAN'!N15 -> 75400 | G17: =D17*F17 -> 4901000
A18: =A17+1 -> 6 | B18: Besi D 10 mm SNI | D18: ='[9]ANALISA GG PLAT'!D68 -> 123 | E18: Btg | F18: ='[9]HARGA SATUAN'!N16 -> 110100 | G18: =D18*F18 -> 13542300
A19: =A18+1 -> 7 | B19: Papan Triplek 9mm | D19: ='[9]ANALISA GG PLAT'!D70 -> 24 | E19: Lbr | F19: ='[9]HARGA SATUAN'!N21 -> 115900 | G19: =D19*F19 -> 2781600
A20: =A19+1 -> 8 | B20: Kawat bendrat | D20: ='[9]ANALISA GG PLAT'!D71 -> 12 | E20: Kg | F20: ='[9]HARGA SATUAN'!N19 -> 29000 | G20: =D20*F20 -> 348000
A21: =A20+1 -> 9 | B21: Paku usuk | D21: ='[9]ANALISA GG PLAT'!D72 -> 6 | E21: Kg | F21: ='[9]HARGA SATUAN'!N20 -> 29000 | G21: =D21*F21 -> 174000
A22: =A21+1 -> 10 | B22: Usuk 4/6 | D22: ='[9]ANALISA GG PLAT'!D73 -> 106 | E22: Btg | F22: ='[9]HARGA SATUAN'!N22 -> 29000 | G22: =D22*F22 -> 3074000
A23: =A22+1 -> 11 | B23: ='[9]HARGA SATUAN'!B24 -> Prasasti | D23: 1 | E23: bh | F23: ='[9]HARGA SATUAN'!N24 -> 347700 | G23: =D23*F23 -> 347700 | I23: =D23*F23 -> 347700
F24: Sub Total 1 ) | G24: =G12 -> 57300300
A25: PERALATAN | H25: =G25-G24 -> -57300300
A26: A | B26: Beli Alat Kerja (Belanja Barang) | G26: =G33 -> 1122100
A27: 1 | B27: Ember | D27: 10 | E27: bh | F27: ='[9]HARGA SATUAN'!N36 -> 11600 | G27: =D27*F27 -> 116000
A28: 2 | B28: Slang timbangan | D28: 1 | E28: m | F28: ='[9]HARGA SATUAN'!N25 -> 3500 | G28: =D28*F28 -> 3500
A29: 3 | B29: Kereta Dorong | D29: 1 | E29: bh | F29: ='[9]HARGA SATUAN'!N38 -> 753200 | G29: =D29*F29 -> 753200
A30: 4 | B30: Amer 5 kg | D30: 0 | E30: bh | F30: ='[9]HARGA SATUAN'!N32 -> 0 | G30: =D30*F30 -> 0
A31: 5 | B31: Sekop Pasir | D31: 3 | E31: bh | F31: ='[9]HARGA SATUAN'!N31 -> 75400 | G31: =D31*F31 -> 226200
A32: 6 | B32: Benang | D32: 2 | E32: bh | F32: ='[9]HARGA SATUAN'!N27 -> 11600 | G32: =D32*F32 -> 23200
F33: Sub Total 2) | G33: =SUM(G27:G32) -> 1122100
A34: UPAH (Belanja Gaji)
A35: 1 | B35: Pekerja | D35: ='[9]ANALISA GG PLAT'!D74 -> 152 | E35: HOK | F35: ='[9]HARGA SATUAN'!E41 -> 100000 | G35: =D35*F35 -> 15200000
A36: 2 | B36: Tukang | D36: ='[9]ANALISA GG PLAT'!D75 -> 56 | E36: HOK | F36: ='[9]HARGA SATUAN'!E42 -> 125000 | G36: =D36*F36 -> 7000000
F37: Sub Total 3) | G37: =SUM(G35:G36) -> 22200000
A39: B | B39: Sewa Alat | G39: =SUM(G40:G41) -> 3782400
A40: 2 | B40: Sewa Molen | D40: 12 | E40: hr | F40: ='[9]HARGA SATUAN'!N39 -> 315200 | G40: =D40*F40 -> 3782400
A42: C | B42: Honor PJT | G42: =SUM(G43:G43) -> 400000 | J42: PROSENTASE PADAT KARYA TUNAI
A43: 1 | B43: PJT | D43: 2 | E43: bln | F43: 200000 | G43: =D43*F43 -> 400000 | J43: =G37/G45*100 -> 26.177764
A44: Sub Total 4) | G44: =G42+G39 -> 4182400
F45: TOTAL BIAYA | G45: =G44+G37+G33+G24 -> 84804800
I46: =G46*0.13 -> 0 | M46: =G46 -> 0
E47: Pandanlandung, 29 November 2025 | M47: ='[10]RAB-gedung+PAJAK'!$I$73 -> 186876700
A48: Pj. Kepala Desa Pandanlandung | E48: Pelaksana Kegiatan | M48: 176990800
M49: ='[11]RAB-gedung+PAJAK'!$I$66 -> 22445300
M50: 88208700
M51: 50885000
A52: HARI SULISTIONO, S.AP | E52: RINO EKA NANDA
M53: =SUM(M46:M52) -> 525406500

Sheet RW 2
N1: Checksum
A2: RENCANA ANGGARAN BIAYA | N2: DD | O2: =M33 -> 56239000
A4: Propinsi | C4: =[12]DATA!D13 -> : Jawa Timur | K4: No. RAB | M4: :
A5: Kabupaten | C5: =[12]DATA!D12 -> : Malang | K5: Program | M5: =[13]DATA!D26 -> : Pembangunan Desa
A6: Kecamatan | C6: =[13]DATA!D11 -> : Wagir | K6: Jenis Kegiatan | M6: =[13]DATA!C35 -> : Aspal Hotmix
A7: Desa | C7: =[13]DATA!D10 -> : Pandanlandung | K7: Ukuran / Dimensi | M7: =[13]DATA!D35 -> : 153 M x 3 M
A9: Uraian | D9: Volume | E9: Satuan | F9: Harga Satuan (Rp ) | G9: Speer | H9: Harga + Sperr | I9: PPN | J9: PPH 22 | K9: Harga + Pajak | L9: Harga Pembulatan | M9: Jumlah ( Rp )
A11: BAHAN
A12: A | B12: Bahan Konstruksi (Belanja Modal) | M12: =SUM(M13:M22) -> 48439000
A13: 1 | B13: Batu Pecah 2/3 | D13: ='[13]ANALISA GG PLAT'!D48 -> 2 | E13: m3 | F13: ='[13]HARGA SATUAN'!N8 -> 290000 | G13: =2%*F13 -> 5800 | H13: =F13+G13 -> 295800 | I13: 1 | J13: 1 | K13: =H13/(1-(IF(I13=1,(1/11),0))-(IF(J13=1,(15/1100),-2))) -> 330335.03 | L13: =ROUNDUP(K13,-3) -> 331000 | M13: =D13*L13 -> 662000
A14: =A13+1 -> 2 | B14: Batu Pecah 0,5 | D14: ='[13]ANALISA GG PLAT'!D50 -> 1 | E14: m3 | F14: ='[13]HARGA SATUAN'!N10 -> 200000 | G14: =2%*F14 -> 4000 | H14: =F14+G14 -> 204000 | I14: 1 | J14: 1 | K14: =H14/(1-(IF(I14=1,(1/11),0))-(IF(J14=1,(15/1100),-2))) -> 227817.26 | L14: =ROUNDUP(K14,-3) -> 228000 | M14: =D14*L14 -> 228000
A15: =A14+1 -> 3 | B15: Aspalt | D15: ='[13]ANALISA GG PLAT'!D51 -> 2 | E15: Drum | F15: 1600000 | G15: =2%*F15 -> 32000 | H15: =F15+G15 -> 1632000 | I15: 1 | J15: 1 | K15: =H15/(1-(IF(I15=1,(1/11),0))-(IF(J15=1,(15/1100),-2))) -> 1822538.1 | L15: =ROUNDUP(K15,-3) -> 1823000 | M15: =D15*L15 -> 3646000
A16: =A15+1 -> 4 | B16: Minyak Bakar | D16: ='[13]ANALISA GG PLAT'!D52 -> 15 | E16: ltr | F16: 7000 | G16: =2%*F16 -> 140 | H16: =F16+G16 -> 7140 | I16: 1 | J16: 1 | K16: =H16/(1-(IF(I16=1,(1/11),0))-(IF(J16=1,(15/1100),-2))) -> 7973.6041 | L16: =ROUNDUP(K16,-3) -> 8000 | M16: =D16*L16 -> 120000
A17: =A16+1 -> 5 | B17: Pasir Sawur | D17: ='[13]ANALISA GG PLAT'!D53 -> 1 | E17: m3 | F17: 250000 | G17: =2%*F17 -> 5000 | H17: =F17+G17 -> 255000 | I17: 1 | J17: 1 | K17: =H17/(1-(IF(I17=1,(1/11),0))-(IF(J17=1,(15/1100),-2))) -> 284771.57 | L17: =ROUNDUP(K17,-3) -> 285000 | M17: =D17*L17 -> 285000
A18: =A17+1 -> 6 | B18: ='[13]ANALISA GG PLAT'!B33 -> Aspahalt Emulsi | D18: ='[13]ANALISA GG PLAT'!D54 -> 161 | E18: Kg | F18: 10000 | G18: =2%*F18 -> 200 | H18: =F18+G18 -> 10200 | I18: 1 | J18: 1 | K18: =H18/(1-(IF(I18=1,(1/11),0))-(IF(J18=1,(15/1100),-2))) -> 11390.863 | L18: =ROUNDUP(K18,-3) -> 12000 | M18: =D18*L18 -> 1932000
A19: =A18+1 -> 7 | B19: Kayu Bakar | D19: 1 | E19: m3 | F19: 400000 | G19: =2%*F19 -> 8000 | H19: =F19+G19 -> 408000 | I19: 1 | J19: 1 | K19: =H19/(1-(IF(I19=1,(1/11),0))-(IF(J19=1,(15/1100),-2))) -> 455634.52 | L19: =ROUNDUP(K19,-3) -> 456000 | M19: =D19*L19 -> 456000
A20: =A19+1 -> 8 | B20: ='[13]ANALISA GG PLAT'!B56 -> Hotmix HRS | D20: ='[13]ANALISA GG PLAT'!D56 -> 31 | E20: ton | F20: 1150000 | G20: =2%*F20 -> 23000 | H20: =F20+G20 -> 1173000 | I20: 1 | J20: 1 | K20: =H20/(1-(IF(I20=1,(1/11),0))-(IF(J20=1,(15/1100),-2))) -> 1309949.2 | L20: =ROUNDUP(K20,-3) -> 1310000 | M20: =D20*L20 -> 40610000
A21: =A20+1 -> 9 | B21: Papan Nama Kegiatan | D21: 1 | E21: bh | F21: 100000 | G21: =2%*F21 -> 2000 | H21: =F21+G21 -> 102000 | I21: 1 | J21: 1 | K21: =H21/(1-(IF(I21=1,(1/11),0))-(IF(J21=1,(15/1100),-2))) -> 113908.63 | L21: =ROUNDUP(K21,-3) -> 114000 | M21: =D21*F21 -> 100000
A22: =A21+1 -> 10 | B22: Prasasti | D22: 1 | E22: bh | F22: ='[13]HARGA SATUAN'!N18 -> 400000 | G22: =2%*F22 -> 8000 | H22: =F22+G22 -> 408000 | I22: 1 | J22: 1 | K22: =H22/(1-(IF(I22=1,(1/11),0))-(IF(J22=1,(15/1100),-2))) -> 455634.52 | L22: =ROUNDUP(K22,-3) -> 456000 | M22: =D22*F22 -> 400000
F23: Sub Total 1 ) | M23: =M12 -> 48439000
A24: PERALATAN
A25: A | B25: Sewa Alat | M25: =M28 -> 6100000
A26: 1 | B26: Sewa Wales | D26: 6 | E26: kali | F26: 600000 | M26: =D26*F26 -> 3600000
A27: 2 | B27: Mobilisasi 5 Unit(Wales,Asphalt Spreyer,Compresor,Asphalt Piniser,Tandem Roller ) | D27: 1 | E27: kali | F27: 2500000 | M27: =D27*F27 -> 2500000
F28: Sub Total 2) | M28: =SUM(M26:M27) -> 6100000
A29: UPAH (Belanja Gaji)
A30: 1 | B30: Tukang | D30: ='[13]ANALISA GG PLAT'!D64 -> 4 | E30: oh | F30: ='[13]HARGA SATUAN'!N28 -> 150000 | M30: =D30*F30 -> 600000
A31: 2 | B31: Pekerja Pengaspalan | D31: ='[13]ANALISA GG PLAT'!D63 -> 11 | E31: oh | F31: ='[13]HARGA SATUAN'!N27 -> 100000 | M31: =D31*F31 -> 1100000
F32: Sub Total 4) | M32: =SUM(M30:M31) -> 1700000
F33: TOTAL BIAYA | M33: =M32+M28+M23 -> 56239000
L35: Pandanlandung, 29 November 2025
A36: Pj. Kepala Desa Pandanlandung | L36: Pelaksana Kegiatan
A40: HARI SULISTIONO, S.AP | L40: RINO EKA NANDA

Sheet RT 15 RW 3
A2: RENCANA ANGGARAN BIAYA | M2: Checksum
M3: DD | N3: =K54 -> 52002100
A4: Lokasi Dusun | C4: SANTREN | I4: No. RAB | J4: ----
A5: Desa | C5: Pandanlandung | I5: Program | J5: Dana Desa
A6: Kecamatan | C6: Wagir | I6: Jenis Kegiatan | J6: Pembanguan Drainase RW. 003 JL Gapuro
A7: Kabupaten | C7: Malang | I7: Ukuran / Dimensi | J7: 57x1,2x1,2
A8: Propinsi | C8: Jawa Timur
A10: Uraian | D10: Volume | G10: Satuan | H10: Kategori | I10: Harga | J10: Jumlah | K10: Jumlah
J11: Biaya | K11: Biaya
D12: Total | E12: Swadaya | F12: Dana Desa | H12: Biaya | I12: Satuan | J12: Konstruksi | K12: Konstruksi
I13: Rp. | J13: (Swadaya) | K13: (Dana Desa)
J14: Rp. | K14: Rp.
A15: BAHAN
A16: A. Bahan Konstruksi (Belanja Modal) | J16: =SUM(J17:J20) -> 0 | K16: =SUM(K17:K20) -> 38202200
A17: 1 | B17: Batu Belah | D17: ='[14]TOS-DRAINASE'!AD365 -> 19 | E17: ='[14]TOS-DRAINASE'!Z365 -> 0 | F17: =D17-E17 -> 19 | G17: M3 | H17: I-a | I17: =[14]H.SATUAN!L16 -> 156900 | J17: =I17*E17 -> 0 | K17: =F17*I17 -> 2981100
A18: =+A17+1 -> 2 | B18: Pasir Pasang | D18: ='[14]TOS-DRAINASE'!AD366 -> 122 | E18: ='[14]TOS-DRAINASE'!Z366 -> 0 | F18: =D18-E18 -> 122 | G18: M3 | H18: I-a | I18: =[14]H.SATUAN!L20 -> 287200 | J18: =I18*E18 -> 0 | K18: =F18*I18 -> 35038400
A19: 3 | B19: Portland Cement (PC)-40 kg | D19: ='[14]TOS-DRAINASE'!AD367 -> 3 | E19: ='[14]TOS-DRAINASE'!Z367 -> 0 | F19: =D19-E19 -> 3 | G19: Zak | H19: I-b | I19: =[14]H.SATUAN!L22 -> 60900 | J19: =I19*E19 -> 0 | K19: =F19*I19 -> 182700
A22: B. Bahan Pelengkap (Belanja Barang) | J22: =SUM(J23:J24) -> 0 | K22: =SUM(K23:K24) -> 17000
A23: 1 | B23: Papan Nama Kegiatan | D23: 1 | E23: 0 | F23: 1 | G23: Ls | H23: I-a | I23: =[14]H.SATUAN!L36 -> 17000 | J23: =E23*I23 -> 0 | K23: =F23*I23 -> 17000
A24: 2 | B24: Prasasti uk 40 x 60 cm | D24: 1 | E24: 0 | F24: 1 | G24: Ls | H24: I-a | I24: =[14]H.SATUAN!L38 -> 0 | J24: =E24*I24 -> 0 | K24: =F24*I24 -> 0
A25: Sub Total 1) | J25: =J16+J22 -> 0 | K25: =K16+K22 -> 38219200
A26: PERALATAN
A27: A. Beli Alat Kerja (Belanja Barang /Modal) | J27: =SUM(J28:J36) -> 0 | K27: =SUM(K28:K36) -> 5098900
A28: 3 | B28: Benang | D28: 0 | E28: 0 | F28: =D28-E28 -> 0 | G28: Roll | H28: II-a | I28: =[14]H.SATUAN!L42 -> 103400 | J28: =I28*E28 -> 0 | K28: =F28*I28 -> 0
A29: 4 | B29: Linggis | D29: 1 | E29: 0 | F29: =D29-E29 -> 1 | G29: Buah | H29: II-a | I29: =[14]H.SATUAN!L43 -> 69000 | J29: =I29*E29 -> 0 | K29: =F29*I29 -> 69000
A30: 5 | B30: Ganco | D30: 1 | E30: 0 | F30: =D30-E30 -> 1 | G30: Buah | H30: II-a | I30: =[14]H.SATUAN!L44 -> 91900 | J30: =I30*E30 -> 0 | K30: =F30*I30 -> 91900
A31: 6 | B31: Cangkul | D31: 2 | E31: 0 | F31: =D31-E31 -> 2 | G31: Buah | H31: II-a | I31: =[14]H.SATUAN!L45 -> 69000 | J31: =I31*E31 -> 0 | K31: =F31*I31 -> 138000
A32: 7 | B32: Sekop | D32: 2 | E32: 0 | F32: =D32-E32 -> 2 | G32: Buah | H32: II-a | I32: =[14]H.SATUAN!L46 -> 97700 | J32: =I32*E32 -> 0 | K32: =F32*I32 -> 195400
A33: 8 | B33: Amer - 5 Kg | D33: 1 | E33: 0 | F33: =D33-E33 -> 1 | G33: Buah | H33: II-a | I33: =[14]H.SATUAN!L47 -> 46000 | J33: =I33*E33 -> 0 | K33: =F33*I33 -> 46000
A34: 10 | B34: Cetok | D34: 2 | E34: 0 | F34: =D34-E34 -> 2 | G34: Buah | H34: II-a | I34: =[14]H.SATUAN!L49 -> 17300 | J34: =I34*E34 -> 0 | K34: =F34*I34 -> 34600
A35: 12 | B35: Ember | D35: 10 | E35: 0 | F35: =D35-E35 -> 10 | G35: Buah | H35: II-a | I35: =[14]H.SATUAN!L51 -> 402000 | J35: =I35*E35 -> 0 | K35: =F35*I35 -> 4020000
A36: 13 | B36: Kereta Dorong | D36: 1 | E36: 0 | F36: =D36-E36 -> 1 | G36: Buah | H36: II-a | I36: =[14]H.SATUAN!L52 -> 504000 | J36: =I36*E36 -> 0 | K36: =F36*I36 -> 504000
A38: B. Sewa Alat (Belanja Jasa / Belanja Modal) | J38: =SUM(J39:J40) -> 0 | K38: =SUM(K39:K40) -> 1484000
A39: 2 | B39: Sewa Mollen | D39: 6 | E39: 0 | F39: =D39-E39 -> 6 | G39: Hari | H39: II-b | I39: =[14]H.SATUAN!L55 -> 224000 | J39: =I39*E39 -> 0 | K39: =F39*I39 -> 1344000
A40: 3 | B40: Mob. dan Demob. Mollen | D40: 1 | E40: 0 | F40: =D40-E40 -> 1 | G40: Hari | H40: II-b | I40: =[14]H.SATUAN!L56 -> 140000 | J40: =I40*E40 -> 0 | K40: =F40*I40 -> 140000
A41: Sub Total 2) | J41: =J27+J38 -> 0 | K41: =K27+K38 -> 6582900
A42: UPAH (Belanja Jasa / Modal) | M42: =G42 -> 0
A43: 1 | B43: Pekerja | D43: ='[14]TOS-DRAINASE'!AD369 -> 42 | E43: ='[14]TOS-DRAINASE'!Z369 -> 0 | F43: =D43-E43 -> 42 | G43: OH | H43: III-a | I43: =[14]H.SATUAN!L59 -> 125000 | J43: =I43*E43 -> 0 | K43: =F43*I43 -> 5250000 | M43: ='[10]RAB-gedung+PAJAK'!$I$73 -> 186876700
A44: 2 | B44: Tukang | D44: ='[14]TOS-DRAINASE'!AD370+'[14]TOS-DRAINASE'!AD371 -> 14 | E44: ='[14]TOS-DRAINASE'!Z370 -> 0 | F44: =D44-E44 -> 14 | G44: OH | H44: III-a | I44: =[14]H.SATUAN!L60 -> 125000 | J44: =I44*E44 -> 0 | K44: =F44*I44 -> 1750000 | M44: 176990800
D45: =SUM(D43:D44) -> 56 | E45: =SUM(E43:E44) -> 0 | F45: =SUM(F43:F44) -> 56 | H45: Sub Total 3) | J45: =SUM(J43:J44) -> 0 | K45: =SUM(K43:K44) -> 7000000 | M45: ='[11]RAB-gedung+PAJAK'!$I$66 -> 22445300
A46: OPERASIONAL | M46: 88208700
A47: A | B47: Honor Pelaksana (Belanja Gaji) | J47: =SUM(J48:J49) -> 0 | K47: =SUM(K48:K49) -> 200000 | M47: 50885000
A48: 1 | B48: Tim Pelaksana (3org 1 bulan) | D48: 1 | E48: 0 | F48: =D48-E48 -> 1 | G48: Bulan | H48: III-c | I48: 200000 | J48: =E48*I48 -> 0 | K48: =F48*I48 -> 200000
M49: =SUM(M42:M48) -> 525406500
D50: =SUM(D43:D45) -> 112 | E50: =SUM(E43:E45) -> 0 | F50: =SUM(F43:F45) -> 112 | I50: Sub Total 4) | J50: =J47 -> 0 | K50: =K47 -> 200000
A51: TOTAL BIAYA | J51: =J45+J41+J25 -> 0 | K51: =K45+K41+K25+K50 -> 52002100
D53: Sumber Dana | G53: Total Biaya (Dana Desa dan Swadaya) | K53: =J51+K51 -> 52002100
G54: Dari Dana Desa | K54: =K51 -> 52002100
G55: Swadaya | K55: =J51 -> 0
D57: Bobot (%) | G57: Bahan | K57: =(K25/K53)*100 -> 73.495493
G58: Peralatan | K58: =(K41/K53)*100 -> 12.658912
G59: Upah (Belanja Jasa / Modal) | K59: =(K45/K53)*100 -> 13.460995
G60: Operasional | K60: =(K50/K53)*100 -> 0.38459985
G61: Total | K61: =SUM(K57:K60) -> 100

Sheet RW 04.
B2: Program Pembangunan dan Pemberdayaan Masyarakat Desa | O2: Form 7.e.
S3: Checksum
B4: RENCANA ANGGARAN BIAYA | S4: DD | T4: =L44 -> 34674100
B6: Propinsi | D6: : | E6: =+[15]INPUT!L6 -> Jawa Timur
B7: Kabupaten | D7: : | E7: =+[15]INPUT!L7 -> Malang | K7: Lokasi : | M7: =[15]INPUT!L10 -> RW. 004 (MASJID NURUL YAQIN)
B8: Kecamatan | D8: : | E8: =+[15]INPUT!L8 -> Wagir | K8: Jenis Kegiatan : | L8: =#REF! -> #REF! | M8: Paving Jalan
B9: Desa | D9: : | E9: =+[15]INPUT!L9 -> Pandanlandung | K9: Ukuran / Dimensi : | L9: =#REF! -> #REF! | M9: ='[15]TOS PAVING'!H80 -> 120 | N9: M' | P9: m2
B11: Uraian | F11: Volume | I11: Satuan | J11: Harga Satuan (Rp) | L11: Jumlah Swadaya (Rp) | M11: Jumlah Total Dana Desa (Rp) | P11: Jumlah Total Dana Desa + Swadaya (Rp)
F12: Total | G12: Swadaya | H12: Dana Desa
C13: a | F13: b | I13: c | J13: d | M13: e = b x d | P13: f
B14: 1. | C14: BAHAN
C15: Pasir Pasang | F15: =[15]ANALISA!D109 -> 4 | H15: =F15-G15 -> 4 | I15: m3 | J15: ='[15]DAFTAR HARGA'!N15 -> 138600 | L15: =G15*J15 -> 0 | M15: =H15*J15 -> 554400 | P15: =M15 -> 554400
C16: =[15]ANALISA!B110 -> Pasir Beton | F16: =[15]ANALISA!D110 -> 4 | H16: =F16-G16 -> 4 | I16: m3 | K16: ='[15]DAFTAR HARGA'!N13 -> 293100 | M16: =H16*K16 -> 1172400
C17: =[15]ANALISA!B111 -> Batu Pecah 2-3/Koral Beton | F17: =[15]ANALISA!D111 -> 6 | H17: =F17-G17 -> 6 | I17: m3 | K17: ='[15]DAFTAR HARGA'!N17 -> 295400 | M17: =H17*K17 -> 1772400
C18: Semen PC 40 kg | F18: =[15]ANALISA!D112 -> 39 | H18: =F18-G18 -> 39 | I18: zak | J18: ='[15]DAFTAR HARGA'!N18 -> 76800 | L18: =G18*J18 -> 0 | M18: =H18*J18 -> 2995200 | P18: =M18 -> 2995200
C19: =[15]ANALISA!B114 -> Besi Buis Beton D 40 | F19: =[15]ANALISA!D114 -> 120 | H19: =F19-G19 -> 120 | I19: bh | J19: ='[15]DAFTAR HARGA'!N23 -> 124100 | M19: =H19*J19 -> 14892000
C20: =[15]ANALISA!B113 -> Bata merah | F20: =[15]ANALISA!D113 -> 755 | H20: =F20-G20 -> 755 | I20: bh | J20: ='[15]DAFTAR HARGA'!N19 -> 900 | L20: =G20*J20 -> 0 | M20: =H20*J20 -> 679500 | P20: =M20 -> 679500
C21: ='[15]DAFTAR HARGA'!B29 -> Griil Besi | F21: =[15]ANALISA!D115 -> 11 | H21: =F21-G21 -> 11 | I21: m2 | K21: ='[15]DAFTAR HARGA'!N29 -> 413500 | O21: =H21*K21 -> 4548500
C22: Papan Kegiatan | F22: 1 | H22: =F22-G22 -> 1 | I22: bh | J22: ='[15]DAFTAR HARGA'!N35 -> 173900 | M22: =H22*J22 -> 173900
C23: Prasasti | F23: 1 | H23: =F23-G23 -> 1 | I23: lembar | J23: ='[15]DAFTAR HARGA'!N36 -> 521500 | L23: =G23*J23 -> 0 | M23: =H23*J23 -> 521500
B24: Sub Total 1) | L24: =SUM(L15:L20) -> 0 | M24: =SUM(M15:O20) -> 22065900 | P24: =SUM(P15:R20) -> 4229100
B25: 2. | C25: ALAT
C26: Ember | F26: 5 | G26: 0 | H26: =F26 -> 5 | I26: bh | J26: ='[15]DAFTAR HARGA'!N48 -> 11600 | L26: =G26*J26 -> 0 | M26: =H26*J26 -> 58000 | P26: =M26 -> 58000
C27: Slang timbangan | F27: 1 | G27: 0 | H27: =F27 -> 1 | I27: m' | J27: ='[15]DAFTAR HARGA'!N37 -> 3500 | L27: =G27*J27 -> 0 | M27: =H27*J27 -> 3500 | P27: =M27 -> 3500
C28: Sekop | F28: 2 | G28: 0 | H28: =F28 -> 2 | I28: bh | K28: ='[15]DAFTAR HARGA'!N43 -> 63800 | M28: =H28*K28 -> 127600
C29: Linggis | F29: 1 | G29: 0 | H29: =F29 -> 1 | I29: bh | K29: ='[15]DAFTAR HARGA'!N40 -> 81200 | M29: =H29*K29 -> 81200
C30: Cangkul | F30: 2 | G30: 0 | H30: =F30 -> 2 | I30: bh | K30: ='[15]DAFTAR HARGA'!N42 -> 87000 | M30: =H30*K30 -> 174000
C31: Kereta Dorong | F31: 1 | G31: 0 | H31: =F31 -> 1 | I31: bh | J31: ='[15]DAFTAR HARGA'!N38 -> 869100 | L31: =G31*J31 -> 0 | M31: =H31*J31 -> 869100 | P31: =M31 -> 869100
C32: Sapu Lidi | F32: 1 | G32: 0 | H32: =F32 -> 1 | I32: bh | K32: ='[15]DAFTAR HARGA'!N49 -> 5700 | M32: =H32*K32 -> 5700
C33: Benang | F33: 3 | G33: 0 | H33: =F33 -> 3 | I33: bh | J33: ='[15]DAFTAR HARGA'!N39 -> 4700 | L33: =G33*J33 -> 0 | M33: =H33*J33 -> 14100 | P33: =M33 -> 14100
B34: Sub Total 2) | L34: =SUM(L26:L33) -> 0 | M34: =SUM(M26:O33) -> 1333200 | P34: =SUM(P26:R33) -> 944700
B35: 3. | C35: UPAH
B36: 3.1 | C36: Tukang | F36: =[15]ANALISA!D118 -> 15 | G36: 0 | H36: =F36-G36 -> 15 | I36: OH | J36: ='[15]DAFTAR HARGA'!E53 -> 125000 | L36: =G36*J36 -> 0 | M36: =H36*J36 -> 1875000 | P36: =M36 -> 1875000
B37: 3.2 | C37: Pekerja | F37: =[15]ANALISA!D117 -> 90 | H37: =F37 -> 90 | I37: OH | J37: ='[15]DAFTAR HARGA'!E52 -> 100000 | M37: =H37*J37 -> 9000000 | P37: =M37 -> 9000000
B39: Sub Total 3) | L39: =SUM(L36:L38) -> 0 | M39: =SUM(M36:O38) -> 10875000 | P39: =SUM(P36:R38) -> 10875000
B41: 4.3 | C41: Honor TPK
C42: Ketua PJT | F42: 2 | H42: =F42 -> 2 | I42: bln | J42: ='[15]DAFTAR HARGA'!N54 -> 200000 | M42: =H42*J42 -> 400000
B43: Sub Total 4) | L43: =SUM(L40:L42) -> 0 | M43: =SUM(M40:O42) -> 400000 | P43: =SUM(P40:R42) -> 0 | T43: Prosentase PKT
B44: TOTAL BIAYA | L44: =M43+M39+M34+M24 -> 34674100 | T44: =M39/L44*100 -> 31.363467 | U44: %
B45: Catatan :
B46: 1. | C46: Sumbangan lahan tidak dimasukkan RAB tetapidilaporkan dengan form. 6a, 6b dan 6c
B47: 2. | C47: Sumbangan dalam bentuk bahan, bahan, upah dan alat, ditulis dalam kolom volume dari Swadaya
B48: 3. | C48: Operasional TPK dilaporkan dalam form Rekapitulasi
B50: Kategori Biaya :
B51: I.a. | C51: Pembelian bahan hasil tenaga manusia
B52: I.b. | C52: Pembelian bahan hasil industri
B54: II.a. | C54: Pembelian alat tangan
B55: II.b. | C55: Pembelian/penyewaan alat mesin
B57: III.a. | C57: Pembayaran tenaga kerja untuk kontrksi
B58: III.b. | C58: Pembayaran tenaga kerja untuk pengumpulan bahan
B60: Mengetahui | K60: Dibuat Oleh,
B61: Kepada Desa Pandanlandung | J61: Tim Penyusun RKP Desa

Sheet RW 5
B2: Program Pembangunan dan Pemberdayaan Masyarakat Desa | O2: Form 7.e. | S2: Checksum
S3: DD | T3: =L41 -> 54116400
B4: RENCANA ANGGARAN BIAYA
B6: Propinsi | D6: : | E6: =+[16]INPUT!L6 -> Jawa Timur
B7: Kabupaten | D7: : | E7: =+[16]INPUT!L7 -> Malang | K7: Lokasi : | M7: =[16]INPUT!L10 -> 0
B8: Kecamatan | D8: : | E8: =+[16]INPUT!L8 -> Wagir | K8: Jenis Kegiatan : | L8: =#REF! -> #REF! | M8: Paving Jalan
B9: Desa | D9: : | E9: =+[16]INPUT!L9 -> Pandanlandung | K9: Ukuran / Dimensi : | L9: =#REF! -> #REF! | M9: ='[16]TOS PAVING'!H80 -> 110 | N9: M' | P9: m2
B11: Uraian | F11: Volume | I11: Satuan | J11: Harga Satuan (Rp) | L11: Jumlah Swadaya (Rp) | M11: Jumlah Total Dana Desa (Rp) | P11: Jumlah Total Dana Desa + Swadaya (Rp)
F12: Total | G12: Swadaya | H12: Dana Desa
C13: a | F13: b | I13: c | J13: d | M13: e = b x d | P13: f
B14: 1. | C14: BAHAN
C15: Pasir Pasang | F15: =[16]ANALISA!D106 -> 27 | H15: =F15-G15 -> 27 | I15: m3 | J15: ='[16]DAFTAR HARGA'!N15 -> 138600 | L15: =G15*J15 -> 0 | M15: =H15*J15 -> 3742200 | P15: =M15 -> 3742200
C16: =[16]ANALISA!B108 -> Pasir Beton | F16: =[16]ANALISA!D108 -> 1 | H16: =F16-G16 -> 1 | I16: m3 | K16: ='[16]DAFTAR HARGA'!N13 -> 293100 | M16: =H16*K16 -> 293100
C17: =[16]ANALISA!B109 -> Batu Pecah 2-3/Koral Beton | F17: =[16]ANALISA!D109 -> 2 | H17: =F17-G17 -> 2 | I17: m3 | K17: ='[16]DAFTAR HARGA'!N17 -> 295400 | M17: =H17*K17 -> 590800
C18: Semen PC 40 kg | F18: =[16]ANALISA!D110 -> 17 | H18: =F18-G18 -> 17 | I18: zak | J18: ='[16]DAFTAR HARGA'!N18 -> 76800 | L18: =G18*J18 -> 0 | M18: =H18*J18 -> 1305600 | P18: =M18 -> 1305600
C19: =[16]ANALISA!B107 -> Paving T = 6 | F19: =[16]ANALISA!D107 -> 310 | H19: =F19-G19 -> 310 | I19: m2 | K19: ='[16]DAFTAR HARGA'!N27 -> 67400 | O19: =H19*K19 -> 20894000
C20: =[16]ANALISA!B113 -> Besi Buis Beton D 30 | F20: =[16]ANALISA!D113 -> 110 | H20: =F20-G20 -> 110 | I20: bh | J20: ='[16]DAFTAR HARGA'!N23 -> 106400 | M20: =H20*J20 -> 11704000
C21: =[16]ANALISA!B111 -> Bata merah | F21: =[16]ANALISA!D111 -> 745 | H21: =F21-G21 -> 745 | I21: bh | J21: ='[16]DAFTAR HARGA'!N19 -> 900 | L21: =G21*J21 -> 0 | M21: =H21*J21 -> 670500 | P21: =M21 -> 670500
C22: ='[16]DAFTAR HARGA'!B29 -> Griil Besi | F22: =[16]ANALISA!D116 -> 5 | H22: =F22-G22 -> 5 | I22: m2 | K22: ='[16]DAFTAR HARGA'!N29 -> 413500 | O22: =H22*K22 -> 2067500
C23: Papan Kegiatan | F23: 1 | H23: =F23-G23 -> 1 | I23: bh | J23: ='[16]DAFTAR HARGA'!N35 -> 173900 | M23: =H23*J23 -> 173900
C24: Prasasti | F24: 1 | H24: =F24-G24 -> 1 | I24: lembar | J24: ='[16]DAFTAR HARGA'!N36 -> 521500 | L24: =G24*J24 -> 0 | M24: =H24*J24 -> 521500
B25: Sub Total 1) | L25: =SUM(L15:L21) -> 0 | M25: =SUM(M15:O21) -> 39200200 | P25: =SUM(P15:R21) -> 5718300
B26: 2. | C26: ALAT
C27: Ember | F27: 5 | G27: 0 | H27: =F27 -> 5 | I27: bh | J27: ='[16]DAFTAR HARGA'!N48 -> 11600 | L27: =G27*J27 -> 0 | M27: =H27*J27 -> 58000 | P27: =M27 -> 58000
C28: Slang timbangan | F28: 0 | G28: 0 | H28: =F28 -> 0 | I28: m' | J28: ='[16]DAFTAR HARGA'!N37 -> 3500 | L28: =G28*J28 -> 0 | M28: =H28*J28 -> 0 | P28: =M28 -> 0
C29: Kereta Dorong | F29: 1 | G29: 0 | H29: =F29 -> 1 | I29: bh | J29: ='[16]DAFTAR HARGA'!N38 -> 869100 | L29: =G29*J29 -> 0 | M29: =H29*J29 -> 869100 | P29: =M29 -> 869100
C30: Benang | F30: 3 | G30: 0 | H30: =F30 -> 3 | I30: bh | J30: ='[16]DAFTAR HARGA'!N39 -> 4700 | L30: =G30*J30 -> 0 | M30: =H30*J30 -> 14100 | P30: =M30 -> 14100
B31: Sub Total 2) | L31: =SUM(L27:L30) -> 0 | M31: =SUM(M27:O30) -> 941200 | P31: =SUM(P27:R30) -> 941200
B32: 3. | C32: UPAH
B33: 3.1 | C33: Tukang | F33: =[16]ANALISA!D119 -> 39 | G33: 0 | H33: =F33-G33 -> 39 | I33: OH | J33: ='[16]DAFTAR HARGA'!E53 -> 125000 | L33: =G33*J33 -> 0 | M33: =H33*J33 -> 4875000 | P33: =M33 -> 4875000
B34: 3.2 | C34: Pekerja | F34: =[16]ANALISA!D118 -> 87 | H34: =F34 -> 87 | I34: OH | J34: ='[16]DAFTAR HARGA'!E52 -> 100000 | M34: =H34*J34 -> 8700000 | P34: =M34 -> 8700000
B36: Sub Total 3) | L36: =SUM(L33:L35) -> 0 | M36: =SUM(M33:O35) -> 13575000 | P36: =SUM(P33:R35) -> 13575000
B38: 4.3 | C38: Honor TPK
C39: Ketua PJT | F39: 2 | H39: =F39 -> 2 | I39: bln | J39: ='[16]DAFTAR HARGA'!N54 -> 200000 | M39: =H39*J39 -> 400000
B40: Sub Total 4) | L40: =SUM(L37:L39) -> 0 | M40: =SUM(M37:O39) -> 400000 | P40: =SUM(P37:R39) -> 0 | T40: Prosentase PKT
B41: TOTAL BIAYA | L41: =M40+M36+M31+M25 -> 54116400 | T41: =M36/L41*100 -> 25.084817 | U41: %
B42: Catatan :
B43: 1. | C43: Sumbangan lahan tidak dimasukkan RAB tetapidilaporkan dengan form. 6a, 6b dan 6c
B44: 2. | C44: Sumbangan dalam bentuk bahan, bahan, upah dan alat, ditulis dalam kolom volume dari Swadaya
B45: 3. | C45: Operasional TPK dilaporkan dalam form Rekapitulasi
B47: Kategori Biaya :
B48: I.a. | C48: Pembelian bahan hasil tenaga manusia
B49: I.b. | C49: Pembelian bahan hasil industri
B51: II.a. | C51: Pembelian alat tangan
B52: II.b. | C52: Pembelian/penyewaan alat mesin
B54: III.a. | C54: Pembayaran tenaga kerja untuk kontrksi
B55: III.b. | C55: Pembayaran tenaga kerja untuk pengumpulan bahan
B57: Mengetahui | K57: Dibuat Oleh,
B58: Kepada Desa Pandanlandung | J58: Tim Penyusun RKP Desa
J59: =77820400-L41 -> 23704000

Sheet RW 06
H1: Checksum
A2: RENCANA ANGGARAN BIAYA | H2: DD | I2: =G45 -> 45571100
A4: Propinsi | C4: =[8]DATA!D13 -> : Jawa Timur | F4: No. RAB | G4: :
A5: Kabupaten | C5: =[8]DATA!D12 -> : Malang | F5: Program | G5: =[17]DATA!D26 -> : P3MD Kemendesa
A6: Kecamatan | C6: =[17]DATA!D11 -> : Wagir | F6: Jenis Kegiatan | G6: =[17]DATA!C35 -> : Drainase Beton
A7: Desa | C7: =[17]DATA!D10 -> : Pandanlandung | F7: Ukuran / Dimensi | G7: =[17]DATA!D35 -> : 216m x 0.4m x 0,35m
A9: Uraian | D9: Volume | E9: Satuan | F9: Harga Satuan (Rp ) | G9: Jumlah ( Rp )
A11: BAHAN
A12: A | B12: Bahan Konstruksi (Belanja Modal) | G12: =SUM(G13:G22)+G23 -> 30766600
A13: 1 | B13: ='[17]HARGA SATUAN'!B11 -> Pasir Cor | D13: ='[17]ANALISA GG PLAT'!D65 -> 7 | E13: M3 | F13: ='[17]HARGA SATUAN'!N11 -> 287500 | G13: =D13*F13 -> 2012500
A14: =A13+1 -> 2 | B14: ='[17]ANALISA GG PLAT'!B64 -> Pasir Pasang | D14: ='[17]ANALISA GG PLAT'!D64 -> 2 | E14: M3 | F14: ='[17]HARGA SATUAN'!N8 -> 156900 | G14: =D14*F14 -> 313800
A15: =A14+1 -> 3 | B15: Batu Pecah 2/3 | D15: ='[17]ANALISA GG PLAT'!D66 -> 10 | E15: M3 | F15: ='[17]HARGA SATUAN'!N13 -> 261400 | G15: =D15*F15 -> 2614000
A16: =A15+1 -> 4 | B16: Semen 40 kg | D16: ='[17]ANALISA GG PLAT'!D67 -> 118 | E16: Zak | F16: ='[17]HARGA SATUAN'!N14 -> 75400 | G16: =D16*F16 -> 8897200
A17: =A16+1 -> 5 | B17: Besi D 8 mm SNI | D17: ='[17]ANALISA GG PLAT'!D69 -> 98 | E17: Btg | F17: ='[17]HARGA SATUAN'!N15 -> 75400 | G17: =D17*F17 -> 7389200
A18: =A17+1 -> 6 | B18: Besi D 10 mm SNI | D18: ='[17]ANALISA GG PLAT'!D68 -> 54 | E18: Btg | F18: ='[17]HARGA SATUAN'!N16 -> 110100 | G18: =D18*F18 -> 5945400
A19: =A18+1 -> 7 | B19: Papan Triplek 9mm | D19: ='[17]ANALISA GG PLAT'!D70 -> 12 | E19: Lbr | F19: ='[17]HARGA SATUAN'!N21 -> 115900 | G19: =D19*F19 -> 1390800
A20: =A19+1 -> 8 | B20: Kawat bendrat | D20: ='[17]ANALISA GG PLAT'!D71 -> 8 | E20: Kg | F20: ='[17]HARGA SATUAN'!N19 -> 29000 | G20: =D20*F20 -> 232000
A21: =A20+1 -> 9 | B21: Paku usuk | D21: ='[17]ANALISA GG PLAT'!D72 -> 3 | E21: Kg | F21: ='[17]HARGA SATUAN'!N20 -> 29000 | G21: =D21*F21 -> 87000
A22: =A21+1 -> 10 | B22: Usuk 4/6 | D22: ='[17]ANALISA GG PLAT'!D73 -> 53 | E22: Btg | F22: ='[17]HARGA SATUAN'!N22 -> 29000 | G22: =D22*F22 -> 1537000
A23: =A22+1 -> 11 | B23: ='[17]HARGA SATUAN'!B24 -> Prasasti | D23: 1 | E23: bh | F23: ='[17]HARGA SATUAN'!N24 -> 347700 | G23: =D23*F23 -> 347700
F24: Sub Total 1 ) | G24: =G12 -> 30766600
A25: PERALATAN
A26: A | B26: Beli Alat Kerja (Belanja Barang) | G26: =G33 -> 1122100
A27: 1 | B27: Ember | D27: 10 | E27: bh | F27: ='[17]HARGA SATUAN'!N36 -> 11600 | G27: =D27*F27 -> 116000
A28: 2 | B28: Slang timbangan | D28: 1 | E28: m | F28: ='[17]HARGA SATUAN'!N25 -> 3500 | G28: =D28*F28 -> 3500
A29: 3 | B29: Kereta Dorong | D29: 1 | E29: bh | F29: ='[17]HARGA SATUAN'!N38 -> 753200 | G29: =D29*F29 -> 753200
A30: 4 | B30: Amer 5 kg | D30: 0 | E30: bh | F30: ='[17]HARGA SATUAN'!N32 -> 0 | G30: =D30*F30 -> 0
A31: 5 | B31: Sekop Pasir | D31: 3 | E31: bh | F31: ='[17]HARGA SATUAN'!N31 -> 75400 | G31: =D31*F31 -> 226200
A32: 6 | B32: Benang | D32: 2 | E32: bh | F32: ='[17]HARGA SATUAN'!N27 -> 11600 | G32: =D32*F32 -> 23200
F33: Sub Total 2) | G33: =SUM(G27:G32) -> 1122100
A34: UPAH (Belanja Gaji)
A35: 1 | B35: Pekerja | D35: ='[17]ANALISA GG PLAT'!D74 -> 60 | E35: HOK | F35: ='[17]HARGA SATUAN'!E41 -> 100000 | G35: =D35*F35 -> 6000000
A36: 2 | B36: Tukang | D36: ='[17]ANALISA GG PLAT'!D75 -> 28 | E36: HOK | F36: ='[17]HARGA SATUAN'!E42 -> 125000 | G36: =D36*F36 -> 3500000
F37: Sub Total 3) | G37: =SUM(G35:G36) -> 9500000
A39: B | B39: Sewa Alat | G39: =SUM(G40:G41) -> 3782400
A40: 2 | B40: Sewa Molen | D40: 12 | E40: hr | F40: ='[17]HARGA SATUAN'!N39 -> 315200 | G40: =D40*F40 -> 3782400
J41: PROSENTASE PADAT KARYA TUNAI
A42: C | B42: Honor PJT | G42: =SUM(G43:G43) -> 400000 | J42: =G37/G45*100 -> 20.846545
A43: 1 | B43: PJT | D43: 2 | E43: bln | F43: 200000 | G43: =D43*F43 -> 400000
A44: Sub Total 4) | G44: =G42+G39 -> 4182400
F45: TOTAL BIAYA | G45: =G44+G37+G33+G24 -> 45571100 | I45: =G45*0.13 -> 5924243 | M45: =G45 -> 45571100
I46: =G45-I45 -> 39646857 | M46: ='[18]RAB-gedung+PAJAK'!$I$73 -> 186876700
C47: Mengetahui, | F47: Dibuat oleh, | M47: 176990800
C48: Kepala Desa Sitirejo | F48: Tim Penyusun RKP | M48: ='[19]RAB-gedung+PAJAK'!$I$66 -> 22445300
M49: 88208700
M50: 50885000
M52: =SUM(M45:M51) -> 570977600

Sheet RW 07
A1: RENCANA ANGGARAN BIAYA | O1: Checksum
O2: DD | Q2: =M37 -> 89040200
A3: Propinsi | C3: : Jawa Timur | L3: No. RAB
A4: Kabupaten | C4: : Malang | L4: Program | M4: : Dana Desa
A5: Kecamatan | C5: : Wagir | L5: Jenis Kegiatan | M5: : Perkerasan Rabat
A6: Desa | C6: : Pandanlandung | L6: Ukuran / Dimensi | M6: : 150 m x 3 m x 0,15 m
A7: Lokasi | C7: : ............
A8: Uraian | D8: Volume | E8: Satuan | F8: Kategori Biaya | G8: Harga Satuan (Rp ) | H8: Speer | I8: Harga + Sperr | J8: PPN | K8: PPH 22 | L8: Harga + Pajak | M8: Jumlah Biaya Konstruksi (Dana Desa) Rp. | O8: Jumlah Total ( Rp )
D9: Total
A10: BAHAN
A11: A. Bahan Konstruksi (Belanja Modal)
A12: 1 | B12: Beton cor readymix | D12: 68 | E12: M3 | F12: I-b | G12: 1102500 | H12: 22050 | I12: 1124550 | J12: 1 | K12: 1 | L12: 1255842.6 | M12: 74970000 | O12: 74970000
A13: 2 | B13: Pasir Urug | D13: 27 | E13: M3 | F13: I-b | G13: 152300 | H13: 3046 | I13: 155346 | J13: 1 | K13: 1 | L13: 173482.84 | M13: 4112100 | O13: 4112100
A14: 3 | B14: Papan Begesting | D14: 58 | E14: Lembar | F14: I-b | G14: 16900 | H14: 338 | I14: 17238 | J14: 1 | K14: 1 | L14: 19250.558 | M14: 980200 | O14: 980200
A15: 5 | B15: Paku | D15: 9 | E15: Kg | F15: I-b | G15: 22500 | H15: 450 | I15: 22950 | J15: 1 | K15: 1 | L15: 25629.442 | M15: 202500 | O15: 202500
A16: 6 | B16: Kawat Bendrat | D16: 5 | E16: Kg | F16: I-b | G16: 22500 | H16: 450 | I16: 22950 | J16: 1 | K16: 1 | L16: 25629.442 | M16: 112500 | O16: 112500
A17: 7 | B17: Besi 8 | D17: 4 | E17: Ljr | F17: I-b | G17: 64200 | H17: 1284 | I17: 65484 | J17: 1 | K17: 1 | L17: 73129.34 | M17: 256800 | O17: 256800
A18: 8 | B18: Plastik | D18: 3 | E18: Roll | F18: I-b | G18: 140700 | H18: 2814 | I18: 143514 | J18: 1 | K18: 1 | L18: 160269.44 | M18: 422100 | O18: 422100
A19: 9 | B19: Benang | D19: 2 | E19: Roll | F19: I-b | G19: 11300 | H19: 226 | I19: 11526 | J19: 1 | K19: 1 | L19: 12871.675 | M19: 22600 | O19: 22600
A20: 10 | B20: Sapu | D20: 4 | E20: Bh | F20: I-b | G20: 45000 | H20: 900 | I20: 45900 | J20: 1 | K20: 1 | L20: 51258.883 | M20: 180000 | O20: 180000
A21: 11 | B21: Garuk | D21: 2 | E21: Bh | F21: I-b | G21: 168800 | H21: 3376 | I21: 172176 | J21: 1 | K21: 1 | L21: 192277.77 | M21: 337600 | O21: 337600
M22: 81596400
A23: B. Bahan Pelengkap (Belanja Barang)
A24: 6 | B24: Papan Nama Kegiatan | D24: 1 | E24: Ls | F24: I-a | G24: 281300 | M24: 281300 | O24: 281300
A25: 7 | B25: Prasasti | D25: 1 | E25: Ls | F25: I-a | G25: 337500 | M25: 337500 | O25: 337500
A26: Sub Total 1) | M26: 618800 | O26: 82215200
A27: UPAH (Belanja Jasa)
A28: 1 | B28: Pekerja | D28: 50 | E28: OH | F28: III-a | G28: 100000 | M28: 5000000 | O28: 5000000
A29: 2 | B29: Tukang | D29: 13 | E29: OH | F29: III-a | G29: 125000 | M29: 1625000 | O29: 1625000
D30: 63 | E30: Sub Total 3) | M30: 6625000 | N30: 7.4404595 | O30: 6625000
A31: C | B31: Honor Pelaksana dan Pengawas (Belanja Gaji) | M31: 200000
A32: 1 | B32: PJT | D32: 2 | E32: Bulan | F32: III-c | G32: 100000 | M32: 200000 | O32: 200000
D33: 23 | G33: Sub Total 4) | M33: 200000 | O33: 200000
A34: TOTAL BIAYA | M34: 89040200 | N34: 6825000 | O34: 89040200
D35: 63
D36: Sumber Dana | E36: Total Biaya (Dana Desa dan Swadaya) | M36: 89040200 | O36: 150 | P36: Panjang
E37: Dari Dana Desa | M37: 89040200 | O37: 3 | P37: Lebar
E38: Swadaya | O38: 0.15 | P38: Tebal
O39: 23 | P39: Hrg/M2
A40: Mengetahui, | D40: Mengetahui, | G40: Dibuat Oleh | O40: 339588.86 | P40: Hrg/M3
A41: Kepala Desa | G41: Tim Penyusun RKP Desa
A47: ......................... | D47: Master | G47: ........................

Sheet PKTD
B2: Program Pembangunan dan Pemberdayaan Masyarakat Desa | O2: Form 7.e.
T3: Checksum
B4: RENCANA ANGGARAN BIAYA | T4: DD | U4: =L17 -> 5000000
B6: Propinsi | D6: : | E6: =+[20]INPUT!L6 -> Jawa Timur
B7: Kabupaten | D7: : | E7: =+[20]INPUT!L7 -> Malang | K7: Lokasi : | M7: Pandanlandung
B8: Kecamatan | D8: : | E8: =+[20]INPUT!L8 -> Wagir | K8: Jenis Kegiatan : | L8: =#REF! -> #REF! | M8: Normalisasi Sumber Air Milik Desa
B9: Desa | D9: : | E9: =+[20]INPUT!L9 -> Pandanlandung | K9: Ukuran / Dimensi : | L9: =#REF! -> #REF! | M9: 1 x | P9: m2
B11: Uraian | F11: Volume | I11: Satuan | J11: Harga Satuan (Rp) | L11: Jumlah Swadaya (Rp) | M11: Jumlah Total Dana Desa (Rp) | P11: Jumlah Total Dana Desa + Swadaya (Rp)
F12: Total | G12: Swadaya | H12: Dana Desa
B13: 3. | C13: UPAH
B14: 3.2 | C14: Pekerja | F14: 50 | H14: =F14 -> 50 | I14: OH | J14: ='[20]DAFTAR HARGA'!E48 -> 100000 | M14: =H14*J14 -> 5000000 | P14: =M14 -> 5000000
B16: Sub Total 3) | L16: =SUM(L14:L15) -> 0 | M16: =SUM(M14:O15) -> 5000000 | P16: =SUM(P14:R15) -> 5000000
B17: TOTAL BIAYA | L17: =M16 -> 5000000 | T17: =M16/L17*100 -> 100 | U17: %
B18: Catatan :
B19: 1. | C19: Sumbangan lahan tidak dimasukkan RAB tetapidilaporkan dengan form. 6a, 6b dan 6c
B20: 2. | C20: Sumbangan dalam bentuk bahan, bahan, upah dan alat, ditulis dalam kolom volume dari Swadaya
B21: 3. | C21: Operasional TPK dilaporkan dalam form Rekapitulasi
B23: Kategori Biaya :
B24: I.a. | C24: Pembelian bahan hasil tenaga manusia
B25: I.b. | C25: Pembelian bahan hasil industri
B27: II.a. | C27: Pembelian alat tangan
B28: II.b. | C28: Pembelian/penyewaan alat mesin
B30: III.a. | C30: Pembayaran tenaga kerja untuk kontrksi
B31: III.b. | C31: Pembayaran tenaga kerja untuk pengumpulan bahan
B33: Mengetahui | K33: Dibuat Oleh,
B34: Kepada Desa Pandanlandung | J34: Tim Penyusun RKP Desa

Sheet OPS LPMD
A1: RENCANA ANGGARAN BIAYA (RAB)
A2: PEMERINTAH DESA PANDANLANDUNG | L2: Check Sum:
A3: TAHUN ANGGARAN 2026 | L3: DDS | M3: 0
L4: ADD | M4: =J13 -> 3000000
A5: Bidang | C5: : | D5: PEMBINAAN KEMASYARAKATAN DESA
A6: Kegiatan | C6: : | D6: Pembinaan Kelembagaan LPMD
A7: Waktu | C7: : | D7: 12 Bulan
A8: Output | C8: : | D8: Bantuan Operasional LPMD
A10: KODE | B10: U R A I A N | G10: RINCIAN
G11: VOLUME | I11: HARGA SATUAN | J11: JUMLAH (Rp)
A12: 1 | B12: 2 | G12: 3 | I12: 4 | J12: 5
A13: 5 | B13: BELANJA | J13: =J15 -> 3000000
A14: 3.04.02 | B14: Pembinaan Kelembagaan Masyarakat Desa | L14: Kegiatan prioritas lokal berskala desa
A15: 5.2.1 | B15: Belanja Barang dan Perlengkapan | J15: =J16+J17 -> 3000000
A16: 5.2.1.99. | C16: Belanja Barang dan Perlengkapan Lainnya | J16: =J18 -> 3000000
C17: Belanja Konsumsi
C18: 01 | D18: Konsumsi Rakor | E18: ADD | G18: 120 | H18: Porsi | I18: 25000 | J18: =I18*G18 -> 3000000
B19: JUMLAH (Rp) | J19: =J13 -> 3000000
G21: Pandanlandung, 29 November 2025
A22: Pj. Kepala Desa Pandanlandung | G22: Pelaksana Kegiatan
A26: HARI SULISTIONO, S.AP | G26: MOH IKHSAN

Sheet OPS KIM
A1: RENCANA ANGGARAN BIAYA (RAB)
A2: PEMERINTAH DESA PANDANLANDUNG | L2: Check Sum:
A3: TAHUN ANGGARAN 2026 | L3: DDS | M3: =J17 -> 5000000
L4: ADD | M4: 0
A5: Bidang | C5: : | D5: PEMBINAAN KEMASYARAKATAN DESA
A6: Kegiatan | C6: : | D6: Pembinaan Kelembagaan Kelompok Informasi Masyarakat (KIM)
A7: Waktu | C7: : | D7: 12 Bulan
A8: Output | C8: : | D8: Bantuan Operasional KIM
A10: KODE | B10: U R A I A N | G10: RINCIAN
G11: VOLUME | I11: HARGA SATUAN | J11: JUMLAH (Rp)
A12: 1 | B12: 2 | G12: 3 | I12: 4 | J12: 5
A13: 5 | B13: BELANJA | J13: =J15 -> 5000000
A14: 3.04.02 | B14: Belanja Modal | L14: Dasar Hukum: Permendesa PDTT Nomor 7 Tahun 2023 tentang Prioritas Penggunaan Dana Desa, kegiatan Informasi dan Komunikasi, dalam setiap sub bidang terakomodir seluruh kegiatan yang berhubungan dengan penyampaian informasi kepada masyarakat desa
A15: 5.2.1 | B15: Belanja Barang dan Perlengkapan | J15: =J16 -> 5000000
A16: 5.2.1.99. | C16: Belanja Barang dan Perlengkapan Lainnya | J16: =SUM(J17:J17) -> 5000000
C17: 01 | D17: Kamera Video | E17: DDS | G17: 1 | H17: Unit | I17: 5000000 | J17: =I17*G17 -> 5000000
B18: JUMLAH (Rp) | J18: =J13 -> 5000000
G20: Pandanlandung, 29 November 2025
A21: Pj. Kepala Desa Pandanlandung | G21: Pelaksana Kegiatan
A25: HARI SULISTIONO, S.AP | G25: MOH IKHSAN

Sheet OPS PB. PANDANLANDUNG
A1: RENCANA ANGGARAN BIAYA (RAB)
A2: PEMERINTAH DESA PANDANLANDUNG | L2: Check Sum:
A3: TAHUN ANGGARAN 2026 | L3: DDS | M3: 5000000
L4: ADD | M4: 0
A5: Bidang | C5: : | D5: PEMBINAAN KEMASYARAKATAN DESA | L5: SILPA DDS | M5: 0
A6: Kegiatan | C6: : | D6: Pembinaan Kelembagaan PB. PANDANLANDUNG
A7: Waktu | C7: : | D7: 12 Bulan
A8: Output | C8: : | D8: Bantuan Operasional Persatuan Bulutangkis Pandanlandung
A10: KODE | B10: U R A I A N | G10: RINCIAN
G11: VOLUME | I11: HARGA SATUAN | J11: JUMLAH (Rp)
A12: 1 | B12: 2 | G12: 3 | I12: 4 | J12: 5
A13: 5 | B13: BELANJA | J13: =J15 -> 5000000 | L13: Dasar Hukum: Permendesa PDTT Nomor 7 Tahun 2023 tentang Prioritas Penggunaan Dana Desa, dalam Lampiran Permendesa, BAB II B, angka 1 huruf d
A14: 3.04.02 | B14: Pembinaan Kelembagaan Masyarakat Desa
A15: 5.2.1 | B15: Belanja Barang dan Perlengkapan | J15: =J16 -> 5000000
A16: 5.2.1.99. | C16: Belanja Barang dan Perlengkapan Lainnya | J16: =SUM(J17:J18) -> 5000000
C17: 1 | D17: Sewa Gedung Badminton | E17: DDS | G17: 46 | H17: Kl | I17: 80000 | J17: =I17*G17 -> 3680000
C18: 2 | D18: Shuttlecock | E18: DDS | G18: 12 | H18: Slop | I18: 110000 | J18: =I18*G18 -> 1320000
B19: JUMLAH (Rp) | J19: =J13 -> 5000000
G21: Pandanlandung, 29 November 2025
A22: Pj. Kepala Desa Pandanlandung | G22: Pelaksana Kegiatan
A26: HARI SULISTIONO, S.AP | G26: MOH IKHSAN

Sheet OPS PSB PANDAWA
A1: RENCANA ANGGARAN BIAYA (RAB)
A2: PEMERINTAH DESA PANDANLANDUNG | L2: Check Sum:
A3: TAHUN ANGGARAN 2026 | L3: DDS | M3: 5000000
L4: ADD | M4: 0
A5: Bidang | C5: : | D5: PEMBINAAN KEMASYARAKATAN DESA | L5: SILPA DD | M5: 0
A6: Kegiatan | C6: : | D6: Pembinaan Kelembagaan Paguyuban Sepak Bola
A7: Waktu | C7: : | D7: 12 Bulan
A8: Output | C8: : | D8: Kegiatan Rutin SSB Pandawa
A10: KODE | B10: U R A I A N | G10: RINCIAN
G11: VOLUME | I11: HARGA SATUAN | J11: JUMLAH (Rp)
A12: 1 | B12: 2 | G12: 3 | I12: 4 | J12: 5
A13: 5 | B13: BELANJA | J13: =J15 -> 5000000 | L13: Dasar Hukum: Permendesa PDTT Nomor 7 Tahun 2023 tentang Prioritas Penggunaan Dana Desa, dalam Lampiran Permendesa, BAB II B, angka 1 huruf d
A14: 3.04.02 | B14: Pembinaan Kelembagaan Masyarakat Desa
A15: 5.2.1 | B15: Belanja Barang dan Perlengkapan | J15: =J16 -> 5000000
A16: 5.2.1.99. | C16: Belanja Barang dan Perlengkapan Lainnya | J16: =SUM(J17:J18) -> 5000000
C17: 01 | D17: Pengadaan Bola Sepak | E17: DDS | G17: 5 | H17: Bh | I17: 100000 | J17: =I17*G17 -> 500000
C18: 02 | D18: Perawatan Lapangan | E18: DDS | G18: 1 | H18: Pkt | I18: 4500000 | J18: =I18*G18 -> 4500000
B19: JUMLAH (Rp) | J19: =J13 -> 5000000
G21: Pandanlandung, 29 November 2025
A22: Pj. Kepala Desa Pandanlandung | G22: Pelaksana Kegiatan
A26: HARI SULISTIONO, S.AP | G26: MOH IKHSAN

Sheet OPS KESENIAN
A1: RENCANA ANGGARAN BIAYA (RAB)
A2: PEMERINTAH DESA PANDANLANDUNG | L2: Check Sum:
A3: TAHUN ANGGARAN 2026 | L3: DDS | M3: =J17 -> 7000000
L4: ADD | M4: 0
A5: Bidang | C5: : | D5: PEMBINAAN KEMASYARAKATAN DESA
A6: Kegiatan | C6: : | D6: Pembinaan Kelembagaan Kesenian Desa
A7: Waktu | C7: : | D7: 12 Bulan
A8: Output | C8: : | D8: Perawatan Peralatan Kesenian (Karawitan)
A10: KODE | B10: U R A I A N | G10: RINCIAN
G11: VOLUME | I11: HARGA SATUAN | J11: JUMLAH (Rp)
A12: 1 | B12: 2 | G12: 3 | I12: 4 | J12: 5
A13: 5 | B13: BELANJA | J13: =J15 -> 7000000 | L13: Dasar Hukum: Permendesa PDTT Nomor 7 Tahun 2023 tentang Prioritas Penggunaan Dana Desa, dalam Lampiran Permendesa, BAB II A, angka 2 huruf f
A14: 3.04.02 | B14: Pembinaan Kelembagaan Masyarakat Desa
A15: 5.2.1 | B15: Belanja Operasional | J15: =J16 -> 7000000
A16: 5.2.1.99. | C16: Belanja Konsumsi | J16: =SUM(J17:J17) -> 7000000
C17: 01 | D17: Pengadaan Seragam Untuk 7 Group | E17: DDS | G17: 70 | H17: Bh | I17: 100000 | J17: =I17*G17 -> 7000000
B18: JUMLAH (Rp) | J18: =J13 -> 7000000
G20: Pandanlandung, 29 November 2025
A21: Pj. Kepala Desa Pandanlandung | G21: Pelaksana Kegiatan
A25: HARI SULISTIONO, S.AP | G25: MOH IKHSAN

Sheet OPS LINMAS
A1: RENCANA ANGGARAN BIAYA (RAB)
A2: PEMERINTAH DESA PANDANLANDUNG | L2: Check Sum:
A3: TAHUN ANGGARAN 2026 | L3: DDS | M3: =J25 -> 4750000
L4: SILPA DDS | M4: 0
A5: Bidang | C5: : | D5: PEMBINAAN KEMASYARAKATAN DESA
A6: Kegiatan | C6: : | D6: Pelatihan Tanggap Bencana
A7: Waktu | C7: : | D7: 12 Bulan
A8: Output | C8: : | D8: Pelatihan Linmas
A10: KODE | B10: U R A I A N | G10: RINCIAN
G11: VOLUME | I11: HARGA SATUAN | J11: JUMLAH (Rp)
A12: 1 | B12: 2 | G12: 3 | I12: 4 | J12: 5
A13: 5 | B13: BELANJA | J13: =SUM(J22+J20+J18+J16) -> 4750000
A14: 3.04.02 | B14: Pembinaan Kelembagaan Masyarakat Desa
A15: 5.2.7. | B15: Belanja Barang dan Jasa yang diserahkan kepada Masyasyarakat
C16: Belanja konsumsi pelatihan | J16: 1200000
C17: 01 | D17: Konsumsi Pelatihan | E17: DDS | G17: 45 | H17: Porsi | I17: 30000 | J17: =I17*G17 -> 1350000
C18: Belanja Honorarium lainnya | J18: 2000000
C19: 01 | D19: Uang Saku Peserta | E19: DDS | G19: 40 | H19: Org | I19: 50000 | J19: =I19*G19 -> 2000000
C20: Belanja Honorarium Tenaga Ahli/ Nara Sumber | J20: 1000000
C21: 01 | D21: Honor Narasumber | E21: DDS | G21: 2 | H21: Org | I21: 500000 | J21: =I21*G21 -> 1000000
A22: 5.2.7.99. | C22: Belanja ATK | J22: =SUM(J23:J24) -> 550000
C23: 01 | D23: Cetak Banner | E23: DDS | G23: 1 | H23: Bh | I23: 150000 | J23: =I23*G23 -> 150000
C24: 02 | D24: Penggandaan Materi | E24: DDS | G24: 40 | H24: Bendel | I24: 10000 | J24: =I24*G24 -> 400000
B25: JUMLAH (Rp) | J25: =SUM(J16+J18+J20+J22) -> 4750000
G27: Pandanlandung, 29 November 2025
A28: Pj. Kepala Desa Pandanlandung | G28: Pelaksana Kegiatan
A32: HARI SULISTIONO, S.AP | G32: MOH IKHSAN

Sheet OPS FORUM ANAK
A1: RENCANA ANGGARAN BIAYA (RAB)
A2: PEMERINTAH DESA PANDANLANDUNG | L2: Check Sum:
A3: TAHUN ANGGARAN 2026 | L3: DDS | M3: =J13 -> 5290000
L4: PBH | M4: 0
A5: Bidang | C5: : | D5: PEMBINAAN KEMASYARAKATAN DESA
A6: Kegiatan | C6: : | D6: Pembinaan Kelembagaan Forum Anak Desa
A7: Waktu | C7: : | D7: 12 Bulan
A8: Output | C8: : | D8: Bantuan Operasional Forum Anak Desa (FAD)
A10: KODE | B10: U R A I A N | G10: RINCIAN
G11: VOLUME | I11: HARGA SATUAN | J11: JUMLAH (Rp)
A12: 1 | B12: 2 | G12: 3 | I12: 4 | J12: 5
A13: 5 | B13: BELANJA | J13: =J15 -> 5290000
A14: 3.04.02 | B14: Pembinaan Kelembagaan Masyarakat Desa
A15: 5.2.1 | B15: Belanja Barang dan Perlengkapan | J15: =J16+J25 -> 5290000
A16: 5.2.1.99. | C16: Belanja ATK | J16: =SUM(J17:J24) -> 790000
C17: 01 | D17: Bulpoint | E17: DDS | G17: 5 | H17: Pak | I17: 35000 | J17: =I17*G17 -> 175000
C18: 02 | D18: Note Book | E18: DDS | G18: 3 | H18: Pak | I18: 25000 | J18: =I18*G18 -> 75000
C19: 03 | D19: Meja Dada | E19: DDS | G19: 2 | H19: Bh | I19: 25000 | J19: =I19*G19 -> 50000
C20: 04 | D20: Spidol | E20: DDS | G20: 1 | H20: Pak | I20: 50000 | J20: =I20*G20 -> 50000
C21: 05 | D21: Pensil | E21: DDS | G21: 3 | H21: Pak | I21: 20000 | J21: =I21*G21 -> 60000
C22: 06 | D22: Buku Gambar | E22: DDS | G22: 2 | H22: Pak | I22: 40000 | J22: =I22*G22 -> 80000
C23: 07 | D23: Buku Tulis | E23: DDS | G23: 5 | H23: Pak | I23: 40000 | J23: =I23*G23 -> 200000
C24: 08 | D24: Papan Tulis | E24: DDS | G24: 1 | H24: Bh | I24: 100000 | J24: =I24*G24 -> 100000
C25: Belanja Konsumsi | J25: =SUM(J26:J26) -> 4500000
C26: 01 | D26: Konsumsi Pertemuan Rutin | E26: DDS | G26: 300 | H26: Porsi | I26: 15000 | J26: =I26*G26 -> 4500000
B27: JUMLAH (Rp) | J27: =J13 -> 5290000
G29: Pandanlandung, 29 November 2025
A30: Pj. Kepala Desa Pandanlandung | G30: Pelaksana Kegiatan
A34: HARI SULISTIONO, S.AP | G34: MOH IKHSAN

Sheet OPS PKK
A1: RENCANA ANGGARAN BIAYA (RAB)
A2: PEMERINTAH DESA PANDANLANDUNG | L2: Check Sum:
A3: TAHUN ANGGARAN 2026 | L3: DDS | M3: 0
L4: ADD | M4: =J13 -> 10000000
A5: Bidang | C5: : | D5: PEMBINAAN KEMASYARAKATAN DESA
A6: Kegiatan | C6: : | D6: Pembinaan Kelembagaan PKK Desa
A7: Waktu | C7: : | D7: 12 Bulan
A8: Output | C8: : | D8: Pembinaan Lembaga PKK Desa
A10: KODE | B10: U R A I A N | G10: RINCIAN
G11: VOLUME | I11: HARGA SATUAN | J11: JUMLAH (Rp)
A12: 1 | B12: 2 | G12: 3 | I12: 4 | J12: 5
A13: 5 | B13: BELANJA | J13: =J27 -> 10000000
A14: 3.04.03 | B14: Pembinaan PKK
A15: 5.2.1 | B15: Belanja Barang dan Perlengkapan | J15: 6000000
A16: 5.2.1.99. | C16: Belanja Konsumsi | J16: =SUM(J17:J17) -> 6000000
C17: 01 | D17: Konsumsi Rapat Tim PKK | E17: ADD | G17: 200 | H17: Porsi | I17: 30000 | J17: =I17*G17 -> 6000000
C18: Belanja ATK | J18: =SUM(J19:J24) -> 1000000
C19: 01 | D19: Bulpoint | E19: ADD | G19: 5 | H19: Pak | I19: 30000 | J19: =I19*G19 -> 150000
C20: 02 | D20: Buku Agenda | E20: ADD | G20: 5 | H20: Pak | I20: 35000 | J20: =I20*G20 -> 175000
C21: 03 | D21: Map Kancing | E21: ADD | G21: 5 | H21: Pak | I21: 35000 | J21: =I21*G21 -> 175000
C22: 04 | D22: Stampel Trodat | E22: ADD | G22: 1 | H22: Bh | I22: 250000 | J22: =I22*G22 -> 250000
C23: 05 | D23: Pensil | E23: ADD | G23: 1 | H23: Pak | I23: 35000 | J23: =I23*G23 -> 35000
C24: 06 | D24: Tinta Printer Hitam | E24: ADD | G24: 1 | H24: Bh | I24: 215000 | J24: =I24*G24 -> 215000
C25: Perjalanan Dinas | J25: 3000000
C26: 01 | D26: Transport Perjalanan dinas | E26: ADD | G26: 60 | H26: Kali | I26: 50000 | J26: =I26*G26 -> 3000000
B27: JUMLAH (Rp) | J27: =J15+J18+J25 -> 10000000
G29: Pandanlandung, 29 November 2025
A30: Pj. Kepala Desa Pandanlandung | G30: Pelaksana Kegiatan
A34: HARI SULISTIONO, S.AP | G34: MOH IKHSAN

Sheet OPS SWADESHI
A1: PEMERINTAH DESA PANDANLANDUNG
A2: TAHUN ANGGARAN 2026 | L2: Check Sum:
L3: DDS | M3: =J12 -> 5300000
A4: Bidang | C4: : | D4: PEMBERDAYAAN MASYARAKAT DESA | L4: ADD
A5: Kegiatan | C5: : | D5: Peningkatan Kapasitas RT & RW
A6: Waktu | C6: : | D6: 12 Bulan
A7: Output | C7: : | D7: Pelatihan RT & RW
A9: KODE | B9: U R A I A N | G9: RINCIAN
G10: VOLUME | I10: HARGA SATUAN | J10: JUMLAH (Rp)
A11: 1 | B11: 2 | G11: 3 | I11: 4 | J11: 5
A12: 5 | B12: BELANJA | J12: =SUM(J15+J19+J22) -> 5300000
A13: 05.03.00. | B13: Belanja Barang dan Jasa
A14: 5.4.1 | B14: Belanja Konsumsi
A15: 5.4.1.01. | C15: Belanja Konsumsi | J15: =SUM(J16:J18) -> 1650000
C16: 01 | D16: Konsumsi Pesiapan | E16: DDS | G16: 8 | H16: Org | I16: 25000 | J16: =I16*G16 -> 200000
C17: 02 | D17: Kosumsi Pelaksanaan | E17: DDS | G17: 50 | H17: Org | I17: 25000 | J17: =I17*G17 -> 1250000
C18: 03 | D18: Konsumsi Penutupan/ Pelaporan | E18: DDS | G18: 8 | H18: Org | I18: 25000 | J18: =I18*G18 -> 200000
C19: Belanja Honorarium | J19: =SUM(J20:J21) -> 3050000
C20: 01 | D20: Honor Narasumber | E20: DDS | G20: 2 | H20: Org | I20: 400000 | J20: =I20*G20 -> 800000
C21: 02 | D21: Honor Peserta | E21: DDS | G21: 45 | H21: Org | I21: 50000 | J21: =I21*G21 -> 2250000
C22: Belanja ATK | J22: =SUM(J23:J24) -> 600000
C23: 01 | D23: Cetak Banner | E23: DDS | G23: 1 | H23: Bh | I23: 150000 | J23: =I23*G23 -> 150000
C24: 02 | D24: Penggandaan Materi | E24: DDS | G24: 45 | H24: Pkt | I24: 10000 | J24: =I24*G24 -> 450000
B25: JUMLAH (Rp) | J25: =J12 -> 5300000
G27: Pandanlandung, 29 November 2025
A28: Pj. Kepala Desa Pandanlandung | G28: Pelaksana Kegiatan
A32: HARI SULISTIONO, S.AP | G32: MOH IKHSAN

Sheet OPS ILAL AHAD
A1: RENCANA ANGGARAN BIAYA (RAB)
A2: PEMERINTAH DESA PANDANLANDUNG | L2: Check Sum:
A3: TAHUN ANGGARAN 2026 | L3: DDS | M3: 0
L4: ADD
A5: Bidang | C5: : | D5: PEMBERDAYAAN MASYARAKAT DESA | L5: s.ADD | M5: =J13 -> 5000000
A6: Kegiatan | C6: : | D6: Penyelenggaraan Kegiatan Keagamaan
A7: Waktu | C7: : | D7: 12 Bulan
A8: Output | C8: : | D8: Bantuan Operasional Ilal Ahad
A10: KODE | B10: U R A I A N | G10: RINCIAN
G11: VOLUME | I11: HARGA SATUAN | J11: JUMLAH (Rp)
A12: 1 | B12: 2 | G12: 3 | I12: 4 | J12: 5
B13: BELANJA | J13: =J15 -> 5000000
B14: =D5 -> PEMBERDAYAAN MASYARAKAT DESA
B15: Belanja Barang dan Perlengkapan | J15: =J16 -> 5000000
C16: Belanja Barang dan Perlengkapan Lainnya | J16: =SUM(J17:J18) -> 5000000
C17: 01 | D17: Pembelian Terpal | E17: s.ADD | G17: 10 | H17: Pkt | I17: 200000 | J17: =I17*G17 -> 2000000
C18: 02 | D18: Pembelian Karpet | E18: s.ADD | G18: 10 | H18: Pkt | I18: 300000 | J18: =I18*G18 -> 3000000
B19: JUMLAH (Rp) | J19: =J13 -> 5000000
G21: Pandanlandung, 29 November 2025
A22: Pj. Kepala Desa Pandanlandung | G22: Pelaksana Kegiatan
A26: HARI SULISTIONO, S.AP | G26: MOH IKHSAN

Sheet OPS RW
A1: RENCANA ANGGARAN BIAYA (RAB)
A2: PEMERINTAH DESA PANDANLANDUNG | L2: Check Sum:
A3: TAHUN ANGGARAN 2026 | L3: DDS | M3: =J17 -> 35000000
L4: ADD | M4: 0
A5: Bidang | C5: : | D5: PEMBERDAYAAN MASYARAKAT DESA | L5: s.ADD
A6: Kegiatan | C6: : | D6: Peningkatan Kualitas Pelayanan Kepada Masyarakat di Tingkat Wilayah
A7: Waktu | C7: : | D7: 12 Bulan
A8: Output | C8: : | D8: Bantuan Operasional RW
A10: KODE | B10: U R A I A N | G10: RINCIAN
G11: VOLUME | I11: HARGA SATUAN | J11: JUMLAH (Rp)
A12: 1 | B12: 2 | G12: 3 | I12: 4 | J12: 5
A13: 5 | B13: BELANJA | J13: =J15 -> 35000000
B14: =D5 -> PEMBERDAYAAN MASYARAKAT DESA
B15: Belanja Barang dan Perlengkapan | J15: =SUM(J16:J16) -> 35000000
C16: 1 | D16: Operasional RW | E16: DDS | G16: 7 | H16: RW | I16: 5000000 | J16: =I16*G16 -> 35000000
B17: JUMLAH (Rp) | J17: =J13 -> 35000000
G19: Pandanlandung, 29 November 2025
A20: Pj. Kepala Desa Pandanlandung | G20: Pelaksana Kegiatan
A24: HARI SULISTIONO, S.AP | G24: CAHYA DWI ANANTA

Sheet BLT DD
A1: RENCANA ANGGARAN BIAYA (RAB)
A2: PEMERINTAH DESA PANDANLANDUNG | L2: Check Sum:
A3: TAHUN ANGGARAN 2026 | L3: DDS | M3: =J17 -> 144000000
L4: ADD | M4: 0
A5: Bidang | C5: : | D5: PENANGGULANGAN BENCANA, DARURAT DAN MENDESAK DESA
A6: Kegiatan | C6: : | D6: PEMBERIAN BANTUAN LANGSUNG TUNAI DANA DESA
A7: Waktu | C7: : | D7: 12 Bulan
A8: Output | C8: : | D8: Bantuan Langsung Tunai Dana Desa
A10: KODE | B10: U R A I A N | G10: RINCIAN
G11: VOLUME | I11: HARGA SATUAN | J11: JUMLAH (Rp)
A12: 1 | B12: 2 | G12: 3 | I12: 4 | J12: 5
A13: 5 | B13: BELANJA | J13: =J15 -> 144000000
A14: 05.03.00. | B14: BLT Dana Desa
A15: 5.4.1 | B15: Belanja Tak Terduga | J15: =J16 -> 144000000
A16: 5.4.1.01. | C16: Belanja Tak Terduga | J16: =SUM(J17:J17) -> 144000000
C17: 01 | D17: Bantuan Langsung Tunai Dana Desa (40 Org x 12 Bln) | E17: DDS | G17: 480 | H17: OB | I17: 300000 | J17: =I17*G17 -> 144000000
B18: JUMLAH (Rp) | J18: =J13 -> 144000000
G20: Pandanlandung, 29 November 2025
A21: Pj. Kepala Desa Pandanlandung | G21: Pelaksana Kegiatan
A25: HARI SULISTIONO, S.AP | G25: UNTUNG WIJOYO

Sheet KDMP
A1: RENCANA ANGGARAN BIAYA (RAB)
A2: PEMERINTAH DESA PANDANLANDUNG | L2: Check Sum:
A3: TAHUN ANGGARAN 2026 | L3: DDS | M3: =J17 -> 80000000
L4: ADD | M4: 0
A5: Bidang | C5: : | D5: PENANGGULANGAN BENCANA, DARURAT DAN MENDESAK DESA
A6: Kegiatan | C6: : | D6: DUKUNGAN PENGEMBALIAN KDMP
A7: Waktu | C7: : | D7: 12 Bulan
A8: Output | C8: : | D8: -
A10: KODE | B10: U R A I A N | G10: RINCIAN
G11: VOLUME | I11: HARGA SATUAN | J11: JUMLAH (Rp)
A12: 1 | B12: 2 | G12: 3 | I12: 4 | J12: 5
A13: 5 | B13: BELANJA | J13: =J15 -> 80000000
A14: 05.03.00. | B14: PENANGGULANGAN BENCANA, DARURAT, DAN MENDESAK
A15: 5.4.1 | B15: Belanja Tak Terduga | J15: =J16 -> 80000000
A16: 5.4.1.01. | C16: Belanja Tak Terduga | J16: =SUM(J17:J17) -> 80000000
C17: 01 | D17: Dukungan Pengembalian KDMP | E17: DDS | G17: 1 | H17: Ls | I17: 80000000 | J17: =I17*G17 -> 80000000
B18: JUMLAH (Rp) | J18: =J13 -> 80000000
G20: Pandanlandung, 29 Desember 2023
A21: Pj. Kepala Desa Pandanlandung | G21: Pelaksana Kegiatan
A25: HARI SULISTIONO, S.AP | G25: CAHYA DWI ANANTA
